archive_sha256,benchmark_task_id,commanded_action_sha256,condition,episode_seed,executed_action_sha256,first_direct_mismatch_step,init_state_index,mean_post_arm_action_mismatch_l2,pair_id,pre_commanded_action_sha256,pre_reward_sha256,protocol_sha256,split,steps,success_within_prefix,task_name,timeline_rows
fe94ab43e81cf7140042c88fc6b282ff87f00f9de3b9f11fedd78ebdb4a0ec7a,4,1f0546d254f90cb92cc2e2ba3d6276aff182cf9ba87b5a5fb014539741da491d,nominal,180403,1f0546d254f90cb92cc2e2ba3d6276aff182cf9ba87b5a5fb014539741da491d,,3,0.0,calibration-task04-init03,7a7a0d82ba0e319bd47bf49827dbfbd4e8837f91fb787f4839fa587d8e349c54,08d2806caca1c21e35ab2a08dbaabd6b6d2a0af716ba1601c56f2a255c64a205,bc3ef2a4fd78ed5e281a4382c35db504b7cc1283df7dabb0819610d9bb25d41e,calibration,90,False,pick_up_the_black_bowl_in_the_top_drawer_of_the_wooden_cabinet_and_place_it_on_the_plate,81
1da52a3dfdd2bbe8c602e83427acd013c6e80aaec6d5cb8d505c16a9c23a728d,4,7453a0fead6687d76af842e74fc803850f3df426c60da58bf2eafc6bf2c40fe1,motion_attenuation_0p5,180403,32a7a29bb3ba9fd2085d134097f801d2e87daa64795514bb8f155c2cd2c5b33b,50,3,0.3501899242401123,calibration-task04-init03,7a7a0d82ba0e319bd47bf49827dbfbd4e8837f91fb787f4839fa587d8e349c54,08d2806caca1c21e35ab2a08dbaabd6b6d2a0af716ba1601c56f2a255c64a205,bc3ef2a4fd78ed5e281a4382c35db504b7cc1283df7dabb0819610d9bb25d41e,calibration,90,False,pick_up_the_black_bowl_in_the_top_drawer_of_the_wooden_cabinet_and_place_it_on_the_plate,81
834fb611412f9fb80010f82655ec6673cf97278dbeb97387dd608dd02913494d,4,733abb43d6293ec4e3cef3aa495386cd25709696616fa7dade7801dbc3cb2d36,nominal,180413,733abb43d6293ec4e3cef3aa495386cd25709696616fa7dade7801dbc3cb2d36,,13,0.0,calibration-task04-init13,dcf4523d702f27c32ce93a281327500d8eefa395e2e40ead4be0d71d98b97820,08d2806caca1c21e35ab2a08dbaabd6b6d2a0af716ba1601c56f2a255c64a205,bc3ef2a4fd78ed5e281a4382c35db504b7cc1283df7dabb0819610d9bb25d41e,calibration,90,False,pick_up_the_black_bowl_in_the_top_drawer_of_the_wooden_cabinet_and_place_it_on_the_plate,81
0fc336e8a7f8e42529174c5fa1c2a173fbba04b76a166c6d4d080afcfca4ee7b,4,6e9287802a2a1d02c31ec6a4ecf7b55aa219f75726a0dcde95b100f165111087,motion_attenuation_0p5,180413,fb3f24c99b2caa61f33dc05f7e6c593816189aff750b2139e374681883f7ecaf,50,13,0.41382867097854614,calibration-task04-init13,dcf4523d702f27c32ce93a281327500d8eefa395e2e40ead4be0d71d98b97820,08d2806caca1c21e35ab2a08dbaabd6b6d2a0af716ba1601c56f2a255c64a205,bc3ef2a4fd78ed5e281a4382c35db504b7cc1283df7dabb0819610d9bb25d41e,calibration,90,False,pick_up_the_black_bowl_in_the_top_drawer_of_the_wooden_cabinet_and_place_it_on_the_plate,81
ea877a87ad02b5b9361eca8197af4dbae7523a68a443959f4f48580e42b1033a,7,aec76ce8fa026bcc0fd05ac7810436d25075f1cb643730e47c682ea8fca1b4b8,nominal,180710,aec76ce8fa026bcc0fd05ac7810436d25075f1cb643730e47c682ea8fca1b4b8,,10,0.0,calibration-task07-init10,636455ae7f09e5aa8ec2ddbc34b9fbd6e710a4e1082bdbd4a1f69879bad2327e,08d2806caca1c21e35ab2a08dbaabd6b6d2a0af716ba1601c56f2a255c64a205,bc3ef2a4fd78ed5e281a4382c35db504b7cc1283df7dabb0819610d9bb25d41e,calibration,90,False,pick_up_the_black_bowl_on_the_stove_and_place_it_on_the_plate,81
7f87f47edf25c12ffc99c62397cb0184b68d13ee5bf7cb8a63544bf845c9b69c,7,a01fd27159c6530b7b8d7ee589c2cd0976086cd8d776030155302474009bfe0b,motion_attenuation_0p5,180710,59fc2d9c847006ba2369115d4147c2113a59543bb7255f3a6e3e1328806b3a48,50,10,0.4745417535305023,calibration-task07-init10,636455ae7f09e5aa8ec2ddbc34b9fbd6e710a4e1082bdbd4a1f69879bad2327e,08d2806caca1c21e35ab2a08dbaabd6b6d2a0af716ba1601c56f2a255c64a205,bc3ef2a4fd78ed5e281a4382c35db504b7cc1283df7dabb0819610d9bb25d41e,calibration,90,False,pick_up_the_black_bowl_on_the_stove_and_place_it_on_the_plate,81
5186e08acc7c4fd45e5bd25fb58594c197f20b08386c8007ef9310afdda7b696,7,86c5fdce1e6b91fc542f0dea6b39e0c4e56177f50e12b41283c6eaee8d5de19e,nominal,180713,86c5fdce1e6b91fc542f0dea6b39e0c4e56177f50e12b41283c6eaee8d5de19e,,13,0.0,calibration-task07-init13,e888f2b332768693ded586d828272d2c2e50aaab956e99a0fee20788a31253a1,08d2806caca1c21e35ab2a08dbaabd6b6d2a0af716ba1601c56f2a255c64a205,bc3ef2a4fd78ed5e281a4382c35db504b7cc1283df7dabb0819610d9bb25d41e,calibration,90,False,pick_up_the_black_bowl_on_the_stove_and_place_it_on_the_plate,81
451f3ab0aef7a84367957d3a93e759e47ca8b798e0c1b99c56406c7c319b8573,7,f367df13fbc1b0b409dff36b1ce70e6b4f0c1f371fd837247b27763787dd1346,motion_attenuation_0p5,180713,27608ec678d0be3df47219bae56cf6d46ff319f4a0b8503a6c661d2cc2fe6fb2,50,13,0.47012344002723694,calibration-task07-init13,e888f2b332768693ded586d828272d2c2e50aaab956e99a0fee20788a31253a1,08d2806caca1c21e35ab2a08dbaabd6b6d2a0af716ba1601c56f2a255c64a205,bc3ef2a4fd78ed5e281a4382c35db504b7cc1283df7dabb0819610d9bb25d41e,calibration,90,False,pick_up_the_black_bowl_on_the_stove_and_place_it_on_the_plate,81
f52d1e61dcb938375daff76aec9675036bab9f830237092ac943deb5fc62924c,8,e2919e4a69caf45e3c1f127c8d789ba1a0db8dc2e8d5c3d04420cbed815302a3,nominal,180816,e2919e4a69caf45e3c1f127c8d789ba1a0db8dc2e8d5c3d04420cbed815302a3,,16,0.0,calibration-task08-init16,28659562202acf5e05025242dbf9255c64d8be9e2e20b20b6c8ef5a20debad3b,08d2806caca1c21e35ab2a08dbaabd6b6d2a0af716ba1601c56f2a255c64a205,bc3ef2a4fd78ed5e281a4382c35db504b7cc1283df7dabb0819610d9bb25d41e,calibration,90,False,pick_up_the_black_bowl_next_to_the_plate_and_place_it_on_the_plate,81
91c5813950a50c95af8375f6c8c6cd0e00aa7e0e0c11609a164133aa8b662af1,8,ccfee934c6a560f2b3738f56053b455e48e353b303c84bf98caa65ecb01e3266,motion_attenuation_0p5,180816,f8a0df484c387da7fa2db3d2f4026c5d0d33c9cdc5dcd87afec049c256833f83,50,16,0.3482475280761719,calibration-task08-init16,28659562202acf5e05025242dbf9255c64d8be9e2e20b20b6c8ef5a20debad3b,08d2806caca1c21e35ab2a08dbaabd6b6d2a0af716ba1601c56f2a255c64a205,bc3ef2a4fd78ed5e281a4382c35db504b7cc1283df7dabb0819610d9bb25d41e,calibration,90,False,pick_up_the_black_bowl_next_to_the_plate_and_place_it_on_the_plate,81
b7f6a180d2ae07e36b2313ecfdf1705573d5bc1999486ec26b38ddc2ee37965e,8,8e6d83b93389353efb429202044a0a9c899cb8e6a39981eaa62be06c991d8eed,nominal,180805,8e6d83b93389353efb429202044a0a9c899cb8e6a39981eaa62be06c991d8eed,,5,0.0,calibration-task08-init05,da8eb176b9e7086f5cdd98af8401dac872f6f898934c633a371823d226c886a5,08d2806caca1c21e35ab2a08dbaabd6b6d2a0af716ba1601c56f2a255c64a205,bc3ef2a4fd78ed5e281a4382c35db504b7cc1283df7dabb0819610d9bb25d41e,calibration,90,False,pick_up_the_black_bowl_next_to_the_plate_and_place_it_on_the_plate,81
8323d3cc89aae88ea2dc28c456792f7021ebb994dad2f96eb2eac91646dc58cf,8,57e55efff506ff21397664f7492501dfcd0a1c8eb2d1065085dc99cfd190daff,motion_attenuation_0p5,180805,21ace3988203e29c3a629c04f085d700f216643a958b886de4bb9d769d5e402e,50,5,0.362029492855072,calibration-task08-init05,da8eb176b9e7086f5cdd98af8401dac872f6f898934c633a371823d226c886a5,08d2806caca1c21e35ab2a08dbaabd6b6d2a0af716ba1601c56f2a255c64a205,bc3ef2a4fd78ed5e281a4382c35db504b7cc1283df7dabb0819610d9bb25d41e,calibration,90,False,pick_up_the_black_bowl_next_to_the_plate_and_place_it_on_the_plate,81
1d339423092545e0d1d9cfea96ccaf9cc9262653a299dd6b74c9aa45e8b18080,4,c20c7db9da414219393d89f909b8c780a9ad038afd14dba939bc5f0277717e12,nominal,180406,c20c7db9da414219393d89f909b8c780a9ad038afd14dba939bc5f0277717e12,,6,0.0,test-task04-init06,f13e9dd00632b156ea9d31a0cd05c7d56025ee0fee3a4d709d48eef94d998c16,08d2806caca1c21e35ab2a08dbaabd6b6d2a0af716ba1601c56f2a255c64a205,bc3ef2a4fd78ed5e281a4382c35db504b7cc1283df7dabb0819610d9bb25d41e,test,90,False,pick_up_the_black_bowl_in_the_top_drawer_of_the_wooden_cabinet_and_place_it_on_the_plate,81
664e8ba9798720c6bf1a3213e155de94be99d6f82048c0ec300e7384171eccc8,4,b78ffb7aee0c8c609ffafb553d690c298f5e9027d7500bf3fc29d8d56956628b,motion_attenuation_0p5,180406,2e5ebd3b23a717633b362450ee19ce38f04cd577190e0b2819ca611378677a12,50,6,0.38135281205177307,test-task04-init06,f13e9dd00632b156ea9d31a0cd05c7d56025ee0fee3a4d709d48eef94d998c16,08d2806caca1c21e35ab2a08dbaabd6b6d2a0af716ba1601c56f2a255c64a205,bc3ef2a4fd78ed5e281a4382c35db504b7cc1283df7dabb0819610d9bb25d41e,test,90,False,pick_up_the_black_bowl_in_the_top_drawer_of_the_wooden_cabinet_and_place_it_on_the_plate,81
79bf57698dd227bb121ceebf75b6a4f919789e86a7a1ade07e8fd4c94f8b31a2,4,52f23ff85a18bc6bd0ce2369976daf6b4d803b95221f16dde8c405b4ede08afd,action_delay_3,180406,0e92d7bb4985bc22b739fcf5a450795d550d106ce8a6e3ee4a70b6832745b613,50,6,0.2645800709724426,test-task04-init06,f13e9dd00632b156ea9d31a0cd05c7d56025ee0fee3a4d709d48eef94d998c16,08d2806caca1c21e35ab2a08dbaabd6b6d2a0af716ba1601c56f2a255c64a205,bc3ef2a4fd78ed5e281a4382c35db504b7cc1283df7dabb0819610d9bb25d41e,test,90,False,pick_up_the_black_bowl_in_the_top_drawer_of_the_wooden_cabinet_and_place_it_on_the_plate,81
8185a746509078eb344ec06f91234174f995784993f2817d9c72e35acfd0171d,4,a1777a103525645d3c9227094bd9aa186ee26a53e5a0c33913e46a10d5321286,nominal,180409,a1777a103525645d3c9227094bd9aa186ee26a53e5a0c33913e46a10d5321286,,9,0.0,test-task04-init09,529e994536c0b368abfb0ce0ab16e1d4f56eaa75d416e5cd1ca76d14964ac87f,08d2806caca1c21e35ab2a08dbaabd6b6d2a0af716ba1601c56f2a255c64a205,bc3ef2a4fd78ed5e281a4382c35db504b7cc1283df7dabb0819610d9bb25d41e,test,90,False,pick_up_the_black_bowl_in_the_top_drawer_of_the_wooden_cabinet_and_place_it_on_the_plate,81
36bd65ff0f0f18f4c2c409a5315fbefb83956385bb060d1a664bf5ef5dc5b1ab,4,24f266e054f0aff875040ce8ea32efd6c4331aef4ba1edde13ea8fddac2b1764,motion_attenuation_0p5,180409,14deb0da51258e0d6c342685c3d242875bdc04430c8d1d4abb549cd34c83fa33,50,9,0.41111984848976135,test-task04-init09,529e994536c0b368abfb0ce0ab16e1d4f56eaa75d416e5cd1ca76d14964ac87f,08d2806caca1c21e35ab2a08dbaabd6b6d2a0af716ba1601c56f2a255c64a205,bc3ef2a4fd78ed5e281a4382c35db504b7cc1283df7dabb0819610d9bb25d41e,test,90,False,pick_up_the_black_bowl_in_the_top_drawer_of_the_wooden_cabinet_and_place_it_on_the_plate,81
0d3488dd41f09ddbb00f3eb031ea35a0265cd1739ae8b46f18fab421764f09e0,4,a472c3da6dde0fff054258f9dc3fd7634615c3e722540606b49adcd5cd266087,action_delay_3,180409,746939b2f4e91c9f80a1b5a5de18589ce3a32d0dd996570335e5552aa9bf256e,50,9,0.27730435132980347,test-task04-init09,529e994536c0b368abfb0ce0ab16e1d4f56eaa75d416e5cd1ca76d14964ac87f,08d2806caca1c21e35ab2a08dbaabd6b6d2a0af716ba1601c56f2a255c64a205,bc3ef2a4fd78ed5e281a4382c35db504b7cc1283df7dabb0819610d9bb25d41e,test,90,False,pick_up_the_black_bowl_in_the_top_drawer_of_the_wooden_cabinet_and_place_it_on_the_plate,81
a062d42203125617d9bc4b103b8547e19c5bf9d0510b1647a784312d5fe040f6,7,fa43b11639b5045a9ce77f9874c1df878c80326e8ff63b874c73180895dbb823,nominal,180708,fa43b11639b5045a9ce77f9874c1df878c80326e8ff63b874c73180895dbb823,,8,0.0,test-task07-init08,5829c1dd155f1d4d76366691c8b208fe765e74365800bc023a4fe3966e7dfeda,08d2806caca1c21e35ab2a08dbaabd6b6d2a0af716ba1601c56f2a255c64a205,bc3ef2a4fd78ed5e281a4382c35db504b7cc1283df7dabb0819610d9bb25d41e,test,90,False,pick_up_the_black_bowl_on_the_stove_and_place_it_on_the_plate,81
2a3dd1f88e748110bd64556258eef37840486ad2cdee2d9f56a7eca82420b2aa,7,af000abf242484407b9d9d81a89484d6f25f33fad6d3217e6dca74e1252e8303,motion_attenuation_0p5,180708,8dae3a92378b0d4ea4bac8f369746e2f2781d4c120103e0a1bea85c34987d49f,50,8,0.43294715881347656,test-task07-init08,5829c1dd155f1d4d76366691c8b208fe765e74365800bc023a4fe3966e7dfeda,08d2806caca1c21e35ab2a08dbaabd6b6d2a0af716ba1601c56f2a255c64a205,bc3ef2a4fd78ed5e281a4382c35db504b7cc1283df7dabb0819610d9bb25d41e,test,90,False,pick_up_the_black_bowl_on_the_stove_and_place_it_on_the_plate,81
c08df97e496af51c12aafd4821ff784d58219c7e2badba939c690e92de9c9a1e,7,9d9eb9f652abfd8a4c1c429e3a43e7c0d834bb71853b4a2c942374d89a4cc10b,action_delay_3,180708,47682f8cd992775c92278e10c7de36d48496e936f83fbf7b10b003a82bd31f86,50,8,0.19261546432971954,test-task07-init08,5829c1dd155f1d4d76366691c8b208fe765e74365800bc023a4fe3966e7dfeda,08d2806caca1c21e35ab2a08dbaabd6b6d2a0af716ba1601c56f2a255c64a205,bc3ef2a4fd78ed5e281a4382c35db504b7cc1283df7dabb0819610d9bb25d41e,test,90,False,pick_up_the_black_bowl_on_the_stove_and_place_it_on_the_plate,81
d52ea89dde2dbd6cf3d19700773e3d923c30308bd1865c1e1afeb4f25925c4a7,7,c4968daa855b7b9141c05e93f8112c079e7d2e223475910e76b0669dec24a5ce,nominal,180711,c4968daa855b7b9141c05e93f8112c079e7d2e223475910e76b0669dec24a5ce,,11,0.0,test-task07-init11,5475c24e8e46052243e18e35d988a592787a6900bcee9f8e374cf3747e205cde,08d2806caca1c21e35ab2a08dbaabd6b6d2a0af716ba1601c56f2a255c64a205,bc3ef2a4fd78ed5e281a4382c35db504b7cc1283df7dabb0819610d9bb25d41e,test,90,False,pick_up_the_black_bowl_on_the_stove_and_place_it_on_the_plate,81
d67f5e1ad85a64ed683205fbd5ff6bbb6afc1557180b5da1b4b6fc3065092a88,7,d7288eacdbea9e21ac74f0e47cd912e6065920157cc0e14a9b648e8bd5ba545c,motion_attenuation_0p5,180711,4931886e080f3aeebfcdb062ffd123a68ed90230e3e934f536ea5bfdac40a9c8,50,11,0.5041266083717346,test-task07-init11,5475c24e8e46052243e18e35d988a592787a6900bcee9f8e374cf3747e205cde,08d2806caca1c21e35ab2a08dbaabd6b6d2a0af716ba1601c56f2a255c64a205,bc3ef2a4fd78ed5e281a4382c35db504b7cc1283df7dabb0819610d9bb25d41e,test,90,False,pick_up_the_black_bowl_on_the_stove_and_place_it_on_the_plate,81
27ed9fd4d9e94deae38e1f82cf3f1769b75f57149884bcead967428d236d7774,7,6e7158df567ad88aee6b0be24cad9b3314b0b88a363f2154b4196ccfeb046814,action_delay_3,180711,48f823a983e21023e154ed425152ebee1ec0267109f1e49d5a4651a46b5541f3,50,11,0.14446969330310822,test-task07-init11,5475c24e8e46052243e18e35d988a592787a6900bcee9f8e374cf3747e205cde,08d2806caca1c21e35ab2a08dbaabd6b6d2a0af716ba1601c56f2a255c64a205,bc3ef2a4fd78ed5e281a4382c35db504b7cc1283df7dabb0819610d9bb25d41e,test,90,False,pick_up_the_black_bowl_on_the_stove_and_place_it_on_the_plate,81
2add7ac24e602f0c06177448360a4544a2b788d2340ce9f197b0d0c882738642,8,6e1bfd434b455b4aea36f58463a5221c06c60503a61d87e370d1c5c36928a87f,nominal,180810,6e1bfd434b455b4aea36f58463a5221c06c60503a61d87e370d1c5c36928a87f,,10,0.0,test-task08-init10,c5d0878c41f398d02829b6688a56fd21111b4620b84df7d5b9927d0e4f8f5abd,08d2806caca1c21e35ab2a08dbaabd6b6d2a0af716ba1601c56f2a255c64a205,bc3ef2a4fd78ed5e281a4382c35db504b7cc1283df7dabb0819610d9bb25d41e,test,90,False,pick_up_the_black_bowl_next_to_the_plate_and_place_it_on_the_plate,81
0b5e7ee3a6439a6d6d48a51a81035f0896abeb4bde043522db7b894550b93f0a,8,c9a49e4a2d62c804b86ab86fa7fbd3ad8fcbb875ad36f8c7893b54579144b0c3,motion_attenuation_0p5,180810,f37518243efdce20830dc182f3fde204a1041b7d21cfa450d330d8c13533635e,50,10,0.3725755512714386,test-task08-init10,c5d0878c41f398d02829b6688a56fd21111b4620b84df7d5b9927d0e4f8f5abd,08d2806caca1c21e35ab2a08dbaabd6b6d2a0af716ba1601c56f2a255c64a205,bc3ef2a4fd78ed5e281a4382c35db504b7cc1283df7dabb0819610d9bb25d41e,test,90,False,pick_up_the_black_bowl_next_to_the_plate_and_place_it_on_the_plate,81
e9037a00d23a0ee0295c26bb9f67ee1f3d2046f58c22c4574028ee6ac47f3f93,8,790a16b2a0486f02591c97cf2f0b59bf167125e3cc0d7a77488f83fa7924c836,action_delay_3,180810,94d030e28245c793335b0d0e59271becb645ed61f77df457fb928260d1993125,50,10,0.35530561208724976,test-task08-init10,c5d0878c41f398d02829b6688a56fd21111b4620b84df7d5b9927d0e4f8f5abd,08d2806caca1c21e35ab2a08dbaabd6b6d2a0af716ba1601c56f2a255c64a205,bc3ef2a4fd78ed5e281a4382c35db504b7cc1283df7dabb0819610d9bb25d41e,test,90,False,pick_up_the_black_bowl_next_to_the_plate_and_place_it_on_the_plate,81
aee8f4c217de66f9397700230a12880c736cebd8fe9ef0907d980f18c3a29904,8,c63531495433db84518c1dee13c4feff307f7bd1c61ec49661c69e8c920e0f13,nominal,180823,c63531495433db84518c1dee13c4feff307f7bd1c61ec49661c69e8c920e0f13,,23,0.0,test-task08-init23,ffbbb91c5eb31023f062a562aa845f32e671444223b75fd4727045decc116379,08d2806caca1c21e35ab2a08dbaabd6b6d2a0af716ba1601c56f2a255c64a205,bc3ef2a4fd78ed5e281a4382c35db504b7cc1283df7dabb0819610d9bb25d41e,test,90,False,pick_up_the_black_bowl_next_to_the_plate_and_place_it_on_the_plate,81
4226e004610ff9c687a527e8b0fa61f7baf982ac35523eda007050ec39b1d7f7,8,bf89db6f64fc60c60e310b0da48423d1f55859c1f63c504d91772f3c782a292b,motion_attenuation_0p5,180823,d3c426642da2e559f310b902a7f430952a98292fcae8fb5b2fe071f0d3bed697,50,23,0.36501044034957886,test-task08-init23,ffbbb91c5eb31023f062a562aa845f32e671444223b75fd4727045decc116379,08d2806caca1c21e35ab2a08dbaabd6b6d2a0af716ba1601c56f2a255c64a205,bc3ef2a4fd78ed5e281a4382c35db504b7cc1283df7dabb0819610d9bb25d41e,test,90,False,pick_up_the_black_bowl_next_to_the_plate_and_place_it_on_the_plate,81
af2cb187e5b1aab8e212ee6fd5249a07bc66c34d70d7a3fb1f552aa4d65260ca,8,9bdca84247ad38c5900ed98b2fca8486bf09cac2257a6c195e3fa98251f862fc,action_delay_3,180823,f1e08d2782430cd61d25b66daa228a974296096af942bf7685afb00f8d642ced,50,23,0.3513568341732025,test-task08-init23,ffbbb91c5eb31023f062a562aa845f32e671444223b75fd4727045decc116379,08d2806caca1c21e35ab2a08dbaabd6b6d2a0af716ba1601c56f2a255c64a205,bc3ef2a4fd78ed5e281a4382c35db504b7cc1283df7dabb0819610d9bb25d41e,test,90,False,pick_up_the_black_bowl_next_to_the_plate_and_place_it_on_the_plate,81
