archive_bytes,archive_sha256,benchmark_task_id,commanded_action_sha256,condition,content_sha256,diagnostic_transitions,episode_seed,executed_action_sha256,init_state_index,initial_observation_sha256,intervention_start,intervention_steps,pair_id,post_arm_action_mismatch_l2_max,post_arm_action_mismatch_l2_mean,post_dual_camera_pixel_mae_mean,post_eef_motion_l2_mean,preintervention_commanded_action_sha256,preintervention_observation_sha256,protocol_sha256,rollout_id,steps,success,task_name,valid_transitions,local_artifact,has_complete_observations,world_model_scores_computed
34169122,59fd414a2a4c25a60aa346b0c3c4c9770d89acd238b23f351d4ae07cec521e77,4,d05b2889f648efd6bb6cb96618d0cc2c56c917dd287a87a20181a46a7462f26d,nominal,6cc7294758a47724e6d6d3149207ab982d447afb8f2c914f2819a9850ca5771f,39,180407,d05b2889f648efd6bb6cb96618d0cc2c56c917dd287a87a20181a46a7462f26d,7,d5e38f08bf88d27ef5e796233f6864a81d0e39f388be40e1a0d61ff81b9f3302,,0,task04-init07,0.0,0.0,6.5626606941223145,0.00880338903516531,ae79cf9e0e87eff59238adfee1402e3e2ffb9ecf8aae9bd38d8522c4136aeae0,e4fbde9a7e51bd1f45c2fa6b55d1c10ad85c8e163c590cd0d3fede24ba830224,5751f405e7ac647044fecdeba9a427e0a7bd1b46d0592fe0ad3b1d6519e3dc01,task04-init07-nominal,126,True,pick_up_the_black_bowl_in_the_top_drawer_of_the_wooden_cabinet_and_place_it_on_the_plate,125,outputs/wm/stage22_confirmatory_interventions/episodes/task04-init07_nominal.npz,True,False
48575378,11072ae792a45f74f9d0aa899efd7ade31a8ad056dfe89f01d8b3fe7b9d58789,4,718957d536c70359bdc26ea370b79838eb4a90622ae0438d06599e850e949f5b,motion_attenuation_0p5,d7406f6478591bf04570b64cc4b98082e807f4a255913609550b9cd5c17a6a83,39,180407,28b1dda65b9ecd81b6c366fc8ff56011efb7400bf10d3e931308eefeda89a0b2,7,d5e38f08bf88d27ef5e796233f6864a81d0e39f388be40e1a0d61ff81b9f3302,50,128,task04-init07,0.46394941210746765,0.370450496673584,5.764096736907959,0.0043657622300088406,ae79cf9e0e87eff59238adfee1402e3e2ffb9ecf8aae9bd38d8522c4136aeae0,e4fbde9a7e51bd1f45c2fa6b55d1c10ad85c8e163c590cd0d3fede24ba830224,5751f405e7ac647044fecdeba9a427e0a7bd1b46d0592fe0ad3b1d6519e3dc01,task04-init07-motion_attenuation_0p5,178,True,pick_up_the_black_bowl_in_the_top_drawer_of_the_wooden_cabinet_and_place_it_on_the_plate,177,outputs/wm/stage22_confirmatory_interventions/episodes/task04-init07_motion_attenuation_0p5.npz,True,False
35594749,027570c663360d776eceb909cd602dc322db2ec0b8622fc64de15a7c30c36b1a,4,af425d16da6783028640630ce0e67a85aaf749508223e28a7b46afeea51737eb,action_delay_3,7145905e8fc1115b45f30fae79d3a3319318b3a5b0e19201f8a15dce7f808ef4,39,180407,be3ad3b36c68f783821f626efe1743d14472d72395c6f1285b865107ba0edaf6,7,d5e38f08bf88d27ef5e796233f6864a81d0e39f388be40e1a0d61ff81b9f3302,50,81,task04-init07,0.44031161069869995,0.21864192187786102,6.084811687469482,0.007669729180634022,ae79cf9e0e87eff59238adfee1402e3e2ffb9ecf8aae9bd38d8522c4136aeae0,e4fbde9a7e51bd1f45c2fa6b55d1c10ad85c8e163c590cd0d3fede24ba830224,5751f405e7ac647044fecdeba9a427e0a7bd1b46d0592fe0ad3b1d6519e3dc01,task04-init07-action_delay_3,131,True,pick_up_the_black_bowl_in_the_top_drawer_of_the_wooden_cabinet_and_place_it_on_the_plate,130,outputs/wm/stage22_confirmatory_interventions/episodes/task04-init07_action_delay_3.npz,True,False
37333955,417c3ba0c2f9b43fca095eb4d1ea752194d5010463c385867959c4d8a4314668,4,ef6123b3acad2af6dc10903cb6b7d1b86bcfaec9f12b7746ed715db49a4c066c,nominal,c664456f0898b6e3050c1d6a25d610cf5b4c2f95a5843ffa7fde493748bde512,39,180412,ef6123b3acad2af6dc10903cb6b7d1b86bcfaec9f12b7746ed715db49a4c066c,12,19acf5293ed1adfddfb0916cfb872713b334a47a8ff37833e537dad91bbe63a7,,0,task04-init12,0.0,0.0,6.4676384925842285,0.008183532394468784,ae890f1f4046a3c1ad0bdf053e476feaf464995dd3769e716b653f034e30219f,108122dacd9b7cf2b46bd70f9da8e00d7c64ed9d28d89316922991ae12156d59,5751f405e7ac647044fecdeba9a427e0a7bd1b46d0592fe0ad3b1d6519e3dc01,task04-init12-nominal,137,True,pick_up_the_black_bowl_in_the_top_drawer_of_the_wooden_cabinet_and_place_it_on_the_plate,136,outputs/wm/stage22_confirmatory_interventions/episodes/task04-init12_nominal.npz,True,False
50230333,c0eabe612b861d8d19aed08c4b3d0036bdd9d8ae2020d9bb0390710cfdcae454,4,26d95e92929b7d632192014d246dfa357ae20b6b69e6534cb20457334edb06bc,motion_attenuation_0p5,939fae8b575300f34f7b31c4224622a90be9128f6d43ad2f26c0a80659e73cbc,39,180412,330bd58424b329e41b0c4c48b44f22e90ab9b8e7cd2937f8c3bfd77a4ef3dfa4,12,19acf5293ed1adfddfb0916cfb872713b334a47a8ff37833e537dad91bbe63a7,50,133,task04-init12,0.5263506770133972,0.4039173722267151,5.585808753967285,0.004511693026870489,ae890f1f4046a3c1ad0bdf053e476feaf464995dd3769e716b653f034e30219f,108122dacd9b7cf2b46bd70f9da8e00d7c64ed9d28d89316922991ae12156d59,5751f405e7ac647044fecdeba9a427e0a7bd1b46d0592fe0ad3b1d6519e3dc01,task04-init12-motion_attenuation_0p5,183,True,pick_up_the_black_bowl_in_the_top_drawer_of_the_wooden_cabinet_and_place_it_on_the_plate,182,outputs/wm/stage22_confirmatory_interventions/episodes/task04-init12_motion_attenuation_0p5.npz,True,False
38636530,0d0880165f868327a4cfe25d04832a3e4b0ec0f7efb626c14797d9b04abcdd87,4,66e01bdbc6684a7b8df741d80b1dfb9fd9a7e97dfaabe7e9ff80775818bd07c3,action_delay_3,2465015a26a604cd619e24a105a6cfc608ed9037117c880f410c3565afd85daf,39,180412,4b918eba696794cec79426bd851b0d7c85d2c97ce1e412a660d40884d1420b0f,12,19acf5293ed1adfddfb0916cfb872713b334a47a8ff37833e537dad91bbe63a7,50,91,task04-init12,0.7089464068412781,0.2792853116989136,6.353596210479736,0.00797035451978445,ae890f1f4046a3c1ad0bdf053e476feaf464995dd3769e716b653f034e30219f,108122dacd9b7cf2b46bd70f9da8e00d7c64ed9d28d89316922991ae12156d59,5751f405e7ac647044fecdeba9a427e0a7bd1b46d0592fe0ad3b1d6519e3dc01,task04-init12-action_delay_3,141,True,pick_up_the_black_bowl_in_the_top_drawer_of_the_wooden_cabinet_and_place_it_on_the_plate,140,outputs/wm/stage22_confirmatory_interventions/episodes/task04-init12_action_delay_3.npz,True,False
32993674,01e602e7bc04dfb25463db3e7299da9b0842c8df34c8f1612970a7f05b0b4ea9,7,4a410a88a50d6b8f66581191269958ba28b51437223dd0adb5e952b3be74fcd7,nominal,06bef6b2f0691d8337c5dc9a4d66ce6c855b78439453597a00ca1475bec92f3f,39,180705,4a410a88a50d6b8f66581191269958ba28b51437223dd0adb5e952b3be74fcd7,5,d07795d8f6691683e98d6ca17edf6c70392f2aaa3132c215793420afc99e58b4,,0,task07-init05,0.0,0.0,4.374545574188232,0.009840073063969612,4cc40eaf08f042908a58474f9eaf0a0a44c28f6fae43511991c4331f19702ecd,68ad06dd29b0c87c211f9dd47495a9f1314722d93b21ded3f1a88347dd4e1927,5751f405e7ac647044fecdeba9a427e0a7bd1b46d0592fe0ad3b1d6519e3dc01,task07-init05-nominal,120,True,pick_up_the_black_bowl_on_the_stove_and_place_it_on_the_plate,119,outputs/wm/stage22_confirmatory_interventions/episodes/task07-init05_nominal.npz,True,False
46058013,5a546d065a12ecad281684f964744dc35411c1e7574f3c9e80e5b9e47df42803,7,93ca61caed6511dbcd87b9e950b667e157d73e284d2718d433870ec7acbcb2e0,motion_attenuation_0p5,7eb9d2866bfabfe160feb05d6fddf145f2d0adefacbb973ef50cac6d2b9eb29a,39,180705,77d1718a6ef8083edf85c66bb00522b21a6cd51395d89101e9ea609fa4fd28fa,5,d07795d8f6691683e98d6ca17edf6c70392f2aaa3132c215793420afc99e58b4,50,114,task07-init05,0.5667513012886047,0.4170474112033844,2.615102529525757,0.005260853096842766,4cc40eaf08f042908a58474f9eaf0a0a44c28f6fae43511991c4331f19702ecd,68ad06dd29b0c87c211f9dd47495a9f1314722d93b21ded3f1a88347dd4e1927,5751f405e7ac647044fecdeba9a427e0a7bd1b46d0592fe0ad3b1d6519e3dc01,task07-init05-motion_attenuation_0p5,164,True,pick_up_the_black_bowl_on_the_stove_and_place_it_on_the_plate,163,outputs/wm/stage22_confirmatory_interventions/episodes/task07-init05_motion_attenuation_0p5.npz,True,False
70108037,84bc72166234fb16b811092ed784de274715dac939e3ff386d9094e1fb132687,7,46e8a2c1a73682e5e91daef2e46794c43e1240262a8549e877911923cf757fdb,action_delay_3,c27ba9159cc6a025bd0e4d15fa013debd145c380a3535f1ae938fcde405615b9,39,180705,573cbc88ca3ede4ac0d6a22c67b89089cc6c2f6d8d3a443987621ce2c7e05e6e,5,d07795d8f6691683e98d6ca17edf6c70392f2aaa3132c215793420afc99e58b4,50,203,task07-init05,0.3665996193885803,0.14823749661445618,4.080127716064453,0.009325224906206131,4cc40eaf08f042908a58474f9eaf0a0a44c28f6fae43511991c4331f19702ecd,68ad06dd29b0c87c211f9dd47495a9f1314722d93b21ded3f1a88347dd4e1927,5751f405e7ac647044fecdeba9a427e0a7bd1b46d0592fe0ad3b1d6519e3dc01,task07-init05-action_delay_3,253,True,pick_up_the_black_bowl_on_the_stove_and_place_it_on_the_plate,252,outputs/wm/stage22_confirmatory_interventions/episodes/task07-init05_action_delay_3.npz,True,False
37831676,717482b40b08d41d996ee4f13d21142122c25d34de0348c0ee5420df3c658dcc,7,3f0edf25a812174ecae57bc8bd9b9b07e31a949e2e7f2b747bb576a9eede9915,nominal,822881608aaf2834ce8e1c023b7b46b7a1b4139424abd8ccea1c2fb7c837e01c,39,180709,3f0edf25a812174ecae57bc8bd9b9b07e31a949e2e7f2b747bb576a9eede9915,9,3326d98318e7a3778a2cfa0de08f957861a7ba748e791f5c405d44f967402164,,0,task07-init09,0.0,0.0,5.250316143035889,0.008612653240561485,0501454c47d5cdc5346ab927d3caa7d8698a59dad746e84efe5ffb0e60ea2c42,da3889353f09436abd5d38c47fa683d9d6223dcb2616e208966d4abf477ae8d0,5751f405e7ac647044fecdeba9a427e0a7bd1b46d0592fe0ad3b1d6519e3dc01,task07-init09-nominal,124,True,pick_up_the_black_bowl_on_the_stove_and_place_it_on_the_plate,123,outputs/wm/stage22_confirmatory_interventions/episodes/task07-init09_nominal.npz,True,False
51683518,0ddb65f94e07ef99b67c67732205eb6de40711ed7238eb79a47b6d9ab06a3e70,7,ac86c66de7b882a18f19681c2537c3213f0bee721a178620e86750de47611896,motion_attenuation_0p5,5c5d03702fb3d8e7895f9c5f94098d12d7c93af069a55decf792b80b381e5756,39,180709,ddf698c3192382a6e2861d08384d2dfcc5127f892296213b2059c2516c317d63,9,3326d98318e7a3778a2cfa0de08f957861a7ba748e791f5c405d44f967402164,50,122,task07-init09,0.608022153377533,0.3483336865901947,3.9282569885253906,0.004070318769663572,0501454c47d5cdc5346ab927d3caa7d8698a59dad746e84efe5ffb0e60ea2c42,da3889353f09436abd5d38c47fa683d9d6223dcb2616e208966d4abf477ae8d0,5751f405e7ac647044fecdeba9a427e0a7bd1b46d0592fe0ad3b1d6519e3dc01,task07-init09-motion_attenuation_0p5,172,True,pick_up_the_black_bowl_on_the_stove_and_place_it_on_the_plate,171,outputs/wm/stage22_confirmatory_interventions/episodes/task07-init09_motion_attenuation_0p5.npz,True,False
76090382,ee3f28aa602943e42b24ddf82794b04c3fc2aab51b62cc80429841bb5f315dba,7,d8a5dc2885d3c17217937f44f625a92ffe7a2fcb39d0a6aec13684c0d905832a,action_delay_3,ab78341429b9c9d4e54dc25976600364a397db155fe7e95b0fcd4064da9e66a0,39,180709,585c23a7f07eb012ffd597fc62ea91f16295d1f8fbd46f1286308f16d45785bd,9,3326d98318e7a3778a2cfa0de08f957861a7ba748e791f5c405d44f967402164,50,218,task07-init09,0.2999592125415802,0.1769133061170578,4.717872142791748,0.007007770240306854,0501454c47d5cdc5346ab927d3caa7d8698a59dad746e84efe5ffb0e60ea2c42,da3889353f09436abd5d38c47fa683d9d6223dcb2616e208966d4abf477ae8d0,5751f405e7ac647044fecdeba9a427e0a7bd1b46d0592fe0ad3b1d6519e3dc01,task07-init09-action_delay_3,268,True,pick_up_the_black_bowl_on_the_stove_and_place_it_on_the_plate,267,outputs/wm/stage22_confirmatory_interventions/episodes/task07-init09_action_delay_3.npz,True,False
26246437,c8261bf9a8f7d4fa8e75a50b1bef290f661c997f8cef724debd73aae9c36b3f1,8,3281b69e5e205cbcb6a0333a2a821fea3ab92086f43ec372b30f0d340af10d74,nominal,d03668bf7d9df3e7c75c47f418ce7730291adb5c91734de09739b032f59cd343,39,180811,3281b69e5e205cbcb6a0333a2a821fea3ab92086f43ec372b30f0d340af10d74,11,338db1a2d63c118d04002de365c23ce34c1feaff1a38e8ee8623c50301748bd7,,0,task08-init11,0.0,0.0,6.473892688751221,0.007800021208822727,cc19b6bc525514ca02a51e9238535c14ee4008e1773bc7628de2b335aeeb7ae2,e85fe3a41da60c55cd85de55ca74513a82eecc752e209fa73c5df9026bcb027e,5751f405e7ac647044fecdeba9a427e0a7bd1b46d0592fe0ad3b1d6519e3dc01,task08-init11-nominal,94,True,pick_up_the_black_bowl_next_to_the_plate_and_place_it_on_the_plate,93,outputs/wm/stage22_confirmatory_interventions/episodes/task08-init11_nominal.npz,True,False
30796753,efab2d778d99ae26fd4c4df42843aa766caba529c06349087ad94aedd4eed06b,8,d4beb82c15d62cf752100d998f2638db01a9081260bb136548d2c482857bd76d,motion_attenuation_0p5,8e95dea925c05dba63d44740d603a341f344c83fc308c7b6a2e1f636dbc6e5c0,39,180811,505a258be330e3b116d922b70bd57b8b9c25c6f24b73fe16b36e5ee4ebedf726,11,338db1a2d63c118d04002de365c23ce34c1feaff1a38e8ee8623c50301748bd7,50,60,task08-init11,0.5535033941268921,0.3682422935962677,5.301947593688965,0.004306404385715723,cc19b6bc525514ca02a51e9238535c14ee4008e1773bc7628de2b335aeeb7ae2,e85fe3a41da60c55cd85de55ca74513a82eecc752e209fa73c5df9026bcb027e,5751f405e7ac647044fecdeba9a427e0a7bd1b46d0592fe0ad3b1d6519e3dc01,task08-init11-motion_attenuation_0p5,110,True,pick_up_the_black_bowl_next_to_the_plate_and_place_it_on_the_plate,109,outputs/wm/stage22_confirmatory_interventions/episodes/task08-init11_motion_attenuation_0p5.npz,True,False
29610978,fa57e9e022d8c28938dbcacf707b16075d8343682cc03779447fd4145b8cbabb,8,98002140a995af6c9ef75691c58eb58209229bc29241a58ee2a8aedfa3b3635a,action_delay_3,26e43934493af2e2e5b590febd89f2734aab76b146e25f0168f36eda99cda7d2,39,180811,cbc5182c7bb668cbb037781408b462d41bce4016b2d2523aa8e4cc79cf72a357,11,338db1a2d63c118d04002de365c23ce34c1feaff1a38e8ee8623c50301748bd7,50,55,task08-init11,0.6697311997413635,0.3456185460090637,6.370560646057129,0.0072719804011285305,cc19b6bc525514ca02a51e9238535c14ee4008e1773bc7628de2b335aeeb7ae2,e85fe3a41da60c55cd85de55ca74513a82eecc752e209fa73c5df9026bcb027e,5751f405e7ac647044fecdeba9a427e0a7bd1b46d0592fe0ad3b1d6519e3dc01,task08-init11-action_delay_3,105,True,pick_up_the_black_bowl_next_to_the_plate_and_place_it_on_the_plate,104,outputs/wm/stage22_confirmatory_interventions/episodes/task08-init11_action_delay_3.npz,True,False
25964940,50c2c2cfff4e07eeb2120a9a9738ff1610dab8a4235a875f72cc81639d326a86,8,a5828e5a415863b2f8bcb6a6d895257eb2baf72331f45dcda3d9f572ee43e29d,nominal,a27c0683b01aac55064e648421c1343e0d25972c44d6183e165ea263e44785ad,39,180826,a5828e5a415863b2f8bcb6a6d895257eb2baf72331f45dcda3d9f572ee43e29d,26,41bca4d2a29cf952438ec86daf2624fd3a05ec0adaf05e5f96bb065f26f766f7,,0,task08-init26,0.0,0.0,5.451182842254639,0.008238212205469608,67dfffa5be664d0019657e3dc2750ce5fbb930b7a3177ce86ce987d052f4d46a,f62833bdff9bfe40a2992ccb2382841fa3f506aa91ecff4c435172762d138075,5751f405e7ac647044fecdeba9a427e0a7bd1b46d0592fe0ad3b1d6519e3dc01,task08-init26-nominal,91,True,pick_up_the_black_bowl_next_to_the_plate_and_place_it_on_the_plate,90,outputs/wm/stage22_confirmatory_interventions/episodes/task08-init26_nominal.npz,True,False
30619304,e83aea0f505b5f12cb611d209c259ff75e27fbb0d3c38d64eb25149dc326bec3,8,eb14f8c76ad2a2466431ccbb704af7cc1640da6cacc0da3ab9f44af402f4358c,motion_attenuation_0p5,ad1fb8e9d50de57e4835c4d063e011cdf10b97a50dec0ed5b930d0efdce57243,39,180826,788efc4489a3513b90790b6e2e0bf11822007bd1a9116741e4c9cf1751ec4ea1,26,41bca4d2a29cf952438ec86daf2624fd3a05ec0adaf05e5f96bb065f26f766f7,50,57,task08-init26,0.5672081708908081,0.379603773355484,4.85789680480957,0.0044070142321288586,67dfffa5be664d0019657e3dc2750ce5fbb930b7a3177ce86ce987d052f4d46a,f62833bdff9bfe40a2992ccb2382841fa3f506aa91ecff4c435172762d138075,5751f405e7ac647044fecdeba9a427e0a7bd1b46d0592fe0ad3b1d6519e3dc01,task08-init26-motion_attenuation_0p5,107,True,pick_up_the_black_bowl_next_to_the_plate_and_place_it_on_the_plate,106,outputs/wm/stage22_confirmatory_interventions/episodes/task08-init26_motion_attenuation_0p5.npz,True,False
29725572,9b9ffbfbda5ba7930dcb410a3e745a1a69abd32241d22591143f6c9b0fa4a401,8,8d459df22166357f03d8853bd33159d6fa391e4e0bccb4785f6391894c712750,action_delay_3,8f548a920f23c2913450ef506dda70e5bf78612be257fbf0bafb9d4bdd54a193,39,180826,e6349c13b0d47c7856e61793bad6a5bf615e8041fca7d1d5e1dc4083cff6913b,26,41bca4d2a29cf952438ec86daf2624fd3a05ec0adaf05e5f96bb065f26f766f7,50,54,task08-init26,0.5745110511779785,0.3399009108543396,5.223208427429199,0.007665224373340607,67dfffa5be664d0019657e3dc2750ce5fbb930b7a3177ce86ce987d052f4d46a,f62833bdff9bfe40a2992ccb2382841fa3f506aa91ecff4c435172762d138075,5751f405e7ac647044fecdeba9a427e0a7bd1b46d0592fe0ad3b1d6519e3dc01,task08-init26-action_delay_3,104,True,pick_up_the_black_bowl_next_to_the_plate_and_place_it_on_the_plate,103,outputs/wm/stage22_confirmatory_interventions/episodes/task08-init26_action_delay_3.npz,True,False
