pair_id,condition,benchmark_task_id,init_state_index,period,start_index,target_index,no_action_residual_raw,latent_persistence_motion_raw,eef_path_length_raw,pixel_endpoint_mae_raw,no_action_residual_anomaly,latent_persistence_motion_anomaly,eef_path_length_anomaly,pixel_endpoint_mae_anomaly
task04-init06,nominal,4,6,pre,10,20,1.08389413356781,1.4029438495635986,0.12253803014755249,25.94945526123047,1.5173904686672783,0.5645237396401538,1.1941137743418444,0.6395114392400642
task04-init06,nominal,4,6,pre,11,21,1.0224394798278809,1.5311779975891113,0.12337576597929001,25.795658111572266,1.0110124174660307,1.2335783086264567,1.2268309662063495,0.6668680179086224
task04-init06,nominal,4,6,pre,12,22,0.8155010938644409,1.4467966556549072,0.12368544936180115,25.767763137817383,0.6941319487581549,0.793323327971517,1.2389254359174653,0.6718298201635975
task04-init06,nominal,4,6,pre,13,23,0.788719892501831,1.3459374904632568,0.12372555583715439,26.0953311920166,0.9148054328561585,0.26709621659247534,1.2404917664949928,0.6135638427776537
task04-init06,nominal,4,6,pre,14,24,0.8020071983337402,1.3005774021148682,0.12359995394945145,26.29338836669922,0.8053198264226545,0.030432466519648607,1.235586471886789,0.578334537864535
task04-init06,nominal,4,6,pre,15,25,0.8485541343688965,1.290708065032959,0.1230202168226242,26.61809730529785,0.4217793567518103,0.021060253393018997,1.2129452404976002,0.5205771240054432
task04-init06,nominal,4,6,pre,16,26,0.8784502744674683,1.3289942741394043,0.12185198068618774,27.254701614379883,0.17543919794756196,0.17869592330599815,1.167320588464314,0.40734150227351057
task04-init06,nominal,4,6,pre,17,27,0.8677050471305847,1.331939697265625,0.12028636783361435,28.14266586303711,0.2639784207311111,0.19406350542463796,1.1061766643982511,0.24939537728196115
task04-init06,nominal,4,6,pre,18,28,0.9663265943527222,1.4802279472351074,0.11831944435834885,29.026294708251953,0.548649815694053,0.9677492412188696,1.0293598323074118,0.09222040965968066
task04-init06,nominal,4,6,pre,19,29,1.010388970375061,1.426285743713379,0.11605401337146759,29.397357940673828,0.9117178462440572,0.6863087802878141,0.9408849963918197,0.02621775270980859
task04-init06,nominal,4,6,pre,20,30,0.9385828971862793,1.4509220123291016,0.11344386637210846,29.625761032104492,0.3200454960974571,0.8148471480620807,0.8389475156999927,0.014409314519662533
task04-init06,nominal,4,6,pre,21,31,0.9224855303764343,1.443580985069275,0.1101841852068901,30.684091567993164,0.1874053665291291,0.7765457446928092,0.7116429286700119,0.2026592439020928
task04-init06,nominal,4,6,pre,22,32,1.0045076608657837,1.4841784238815308,0.1059974730014801,31.522871017456055,0.8632566497914245,0.9883606344449343,0.5481337873434865,0.35185665130396404
task04-init06,nominal,4,6,pre,23,33,1.1121076345443726,1.4616197347640991,0.10119787603616714,31.622652053833008,1.7498659082415746,0.870661922699632,0.36068885680881985,0.3696051451957089
task04-init06,nominal,4,6,pre,24,34,0.998450517654419,1.4345204830169678,0.09620483964681625,30.846303939819336,0.8133466073689598,0.7292730767744339,0.16568928373572667,0.23151267532613476
task04-init06,nominal,4,6,pre,25,35,1.0058945417404175,1.397358775138855,0.09121635556221008,29.29680633544922,0.8746843609866963,0.5353839229880414,0.029132502232988036,0.04410331108777633
task04-init06,nominal,4,6,pre,26,36,0.9712544679641724,1.2205531597137451,0.08620142936706543,26.823482513427734,0.5892548290506067,0.3870895885064954,0.22498696648883734,0.4840443493990859
task04-init06,nominal,4,6,pre,27,37,0.8488532304763794,1.2183583974838257,0.08122535794973373,23.507957458496094,0.4193148452004147,0.39854063895113995,0.41932398434643164,1.0737914428555437
task04-init06,nominal,4,6,pre,28,38,0.838467001914978,1.1627264022827148,0.0766560435295105,19.965139389038086,0.5048959665343711,0.6887974944318037,0.597775389803962,1.7039681492568644
task04-init06,nominal,4,6,pre,29,39,0.6967679262161255,0.8930343389511108,0.07262685149908066,18.85732078552246,1.672477222675799,2.0959009061958374,0.7551326899508313,1.9010207399252832
task04-init06,nominal,4,6,pre,30,40,0.7548542022705078,0.8261690139770508,0.06896279007196426,20.810096740722656,1.1938541489142622,2.4447670379515403,0.8982300676357096,1.553671851085498
task04-init06,nominal,4,6,pre,31,41,0.7285451889038086,0.8327158689498901,0.06597235053777695,24.551776885986328,1.410636867665483,2.4106091845286173,1.015019609508693,0.8881226684512912
task04-init06,nominal,4,6,pre,32,42,0.7374939918518066,0.987106204032898,0.06414949148893356,29.242231369018555,1.3368999393513468,1.6050861574324213,1.086210105347057,0.05381080154395431
task04-init06,nominal,4,6,pre,33,43,0.7384750247001648,1.1316014528274536,0.06310465186834335,33.66480255126953,1.328816361108138,0.8511901953086964,1.1270155920403817,0.7328514788261693
task04-init06,nominal,4,6,pre,34,44,0.7465621829032898,1.1852277517318726,0.06240803375840187,36.76649475097656,1.2621792691804057,0.5713979492317123,1.1542215291577824,1.2845631773557715
task04-init06,nominal,4,6,pre,35,45,0.7596544623374939,1.2090954780578613,0.06226860359311104,38.188358306884766,1.1543006539378478,0.44686940831185995,1.159666877556046,1.5374763315306283
task04-init06,nominal,4,6,pre,36,46,0.9418089389801025,1.3522413969039917,0.06295663118362427,39.05787658691406,0.34662764500294485,0.299986499497437,1.1327964372166295,1.6921413905660845
task04-init06,nominal,4,6,pre,37,47,0.934461772441864,1.3757290840148926,0.06437354534864426,39.217247009277344,0.28608798450418366,0.4225322068494479,1.0774598372572537,1.720489311880047
task04-init06,nominal,4,6,pre,38,48,1.0554462671279907,1.3520044088363647,0.06602434813976288,38.96582794189453,1.2829838893121752,0.29875002737294876,1.0129888792280752,1.6757682912959924
task04-init06,nominal,4,6,pre,39,49,1.0582606792449951,1.4778766632080078,0.061726488173007965,37.074928283691406,1.306174265245575,0.9554815469616229,1.1808388192831085,1.3394256128462
task04-init06,nominal,4,6,pre,40,50,1.0150744915008545,1.3548725843429565,0.05747343599796295,35.25459289550781,0.9503259078333779,0.3137145743121779,1.346938822111084,1.015634512941711
task04-init06,nominal,4,6,fault_influenced,41,51,1.0753082036972046,1.3786680698394775,0.053087037056684494,33.33760452270508,1.4466435655274936,0.43786620270313686,1.518246590406513,0.6746513195350949
task04-init06,nominal,4,6,fault_influenced,42,52,1.0147559642791748,1.3274242877960205,0.048447150737047195,31.004531860351562,0.9477012865239601,0.17050460646519813,1.6994541324477963,0.2596573747904746
task04-init06,nominal,4,6,fault_influenced,43,53,1.0521540641784668,1.2224605083465576,0.043128080666065216,27.916860580444336,1.255856581414649,0.37713810259512104,1.9071867248237542,0.28956036077322533
task04-init06,nominal,4,6,fault_influenced,44,54,0.9572319388389587,1.0149811506271362,0.03854484483599663,23.406278610229492,0.47371108192629674,1.459650166580641,2.086181821287064,1.091877508934892
task04-init06,nominal,4,6,fault_influenced,45,55,0.98042893409729,0.9035534858703613,0.033329010009765625,19.269079208374023,0.6648511915483987,2.0410178394267384,2.289882632782059,1.8277794496138968
task04-init06,nominal,4,6,fault_influenced,46,56,0.8790467977523804,0.6401228308677673,0.027660910040140152,16.50625991821289,0.1705239266031284,3.415452699831273,2.511246345766388,2.3192143261787357
task04-init06,nominal,4,6,fault_influenced,47,57,0.8243822455406189,0.6388022303581238,0.021710623055696487,14.955216407775879,0.6209524577917336,3.4223428598891608,2.7436306768927508,2.595105289736418
task04-init06,nominal,4,6,fault_influenced,48,58,0.8850150108337402,0.7217604517936707,0.015562418848276138,16.126676559448242,0.12134665644743974,2.989512931659845,2.983744527889343,2.3867324956532556
task04-init06,nominal,4,6,fault_influenced,49,59,1.0475740432739258,0.8446577787399292,0.015193326398730278,16.522445678710938,1.2181178274072275,2.3483029312375026,2.99815917750805,2.316335293430994
task04-init06,nominal,4,6,fault_influenced,50,60,1.2057303190231323,1.110239028930664,0.015545070171356201,17.541046142578125,2.5213041904457545,0.9626474594839586,2.984422068433607,2.1351523275337696
task04-init06,arm_actuator_gain_0p5,4,6,pre,10,20,1.08389413356781,1.4029438495635986,0.12253803014755249,25.94945526123047,1.5173904686672783,0.5645237396401538,1.1941137743418444,0.6395114392400642
task04-init06,arm_actuator_gain_0p5,4,6,pre,11,21,1.0224394798278809,1.5311779975891113,0.12337576597929001,25.795658111572266,1.0110124174660307,1.2335783086264567,1.2268309662063495,0.6668680179086224
task04-init06,arm_actuator_gain_0p5,4,6,pre,12,22,0.8155010938644409,1.4467966556549072,0.12368544936180115,25.767763137817383,0.6941319487581549,0.793323327971517,1.2389254359174653,0.6718298201635975
task04-init06,arm_actuator_gain_0p5,4,6,pre,13,23,0.788719892501831,1.3459374904632568,0.12372555583715439,26.0953311920166,0.9148054328561585,0.26709621659247534,1.2404917664949928,0.6135638427776537
task04-init06,arm_actuator_gain_0p5,4,6,pre,14,24,0.8020071983337402,1.3005774021148682,0.12359995394945145,26.29338836669922,0.8053198264226545,0.030432466519648607,1.235586471886789,0.578334537864535
task04-init06,arm_actuator_gain_0p5,4,6,pre,15,25,0.8485541343688965,1.290708065032959,0.1230202168226242,26.61809730529785,0.4217793567518103,0.021060253393018997,1.2129452404976002,0.5205771240054432
task04-init06,arm_actuator_gain_0p5,4,6,pre,16,26,0.8784502744674683,1.3289942741394043,0.12185198068618774,27.254701614379883,0.17543919794756196,0.17869592330599815,1.167320588464314,0.40734150227351057
task04-init06,arm_actuator_gain_0p5,4,6,pre,17,27,0.8677050471305847,1.331939697265625,0.12028636783361435,28.14266586303711,0.2639784207311111,0.19406350542463796,1.1061766643982511,0.24939537728196115
task04-init06,arm_actuator_gain_0p5,4,6,pre,18,28,0.9663265943527222,1.4802279472351074,0.11831944435834885,29.026294708251953,0.548649815694053,0.9677492412188696,1.0293598323074118,0.09222040965968066
task04-init06,arm_actuator_gain_0p5,4,6,pre,19,29,1.010388970375061,1.426285743713379,0.11605401337146759,29.397357940673828,0.9117178462440572,0.6863087802878141,0.9408849963918197,0.02621775270980859
task04-init06,arm_actuator_gain_0p5,4,6,pre,20,30,0.9385828971862793,1.4509220123291016,0.11344386637210846,29.625761032104492,0.3200454960974571,0.8148471480620807,0.8389475156999927,0.014409314519662533
task04-init06,arm_actuator_gain_0p5,4,6,pre,21,31,0.9224855303764343,1.443580985069275,0.1101841852068901,30.684091567993164,0.1874053665291291,0.7765457446928092,0.7116429286700119,0.2026592439020928
task04-init06,arm_actuator_gain_0p5,4,6,pre,22,32,1.0045076608657837,1.4841784238815308,0.1059974730014801,31.522871017456055,0.8632566497914245,0.9883606344449343,0.5481337873434865,0.35185665130396404
task04-init06,arm_actuator_gain_0p5,4,6,pre,23,33,1.1121076345443726,1.4616197347640991,0.10119787603616714,31.622652053833008,1.7498659082415746,0.870661922699632,0.36068885680881985,0.3696051451957089
task04-init06,arm_actuator_gain_0p5,4,6,pre,24,34,0.998450517654419,1.4345204830169678,0.09620483964681625,30.846303939819336,0.8133466073689598,0.7292730767744339,0.16568928373572667,0.23151267532613476
task04-init06,arm_actuator_gain_0p5,4,6,pre,25,35,1.0058945417404175,1.397358775138855,0.09121635556221008,29.29680633544922,0.8746843609866963,0.5353839229880414,0.029132502232988036,0.04410331108777633
task04-init06,arm_actuator_gain_0p5,4,6,pre,26,36,0.9712544679641724,1.2205531597137451,0.08620142936706543,26.823482513427734,0.5892548290506067,0.3870895885064954,0.22498696648883734,0.4840443493990859
task04-init06,arm_actuator_gain_0p5,4,6,pre,27,37,0.8488532304763794,1.2183583974838257,0.08122535794973373,23.507957458496094,0.4193148452004147,0.39854063895113995,0.41932398434643164,1.0737914428555437
task04-init06,arm_actuator_gain_0p5,4,6,pre,28,38,0.838467001914978,1.1627264022827148,0.0766560435295105,19.965139389038086,0.5048959665343711,0.6887974944318037,0.597775389803962,1.7039681492568644
task04-init06,arm_actuator_gain_0p5,4,6,pre,29,39,0.6967679262161255,0.8930343389511108,0.07262685149908066,18.85732078552246,1.672477222675799,2.0959009061958374,0.7551326899508313,1.9010207399252832
task04-init06,arm_actuator_gain_0p5,4,6,pre,30,40,0.7548542022705078,0.8261690139770508,0.06896279007196426,20.810096740722656,1.1938541489142622,2.4447670379515403,0.8982300676357096,1.553671851085498
task04-init06,arm_actuator_gain_0p5,4,6,pre,31,41,0.7285451889038086,0.8327158689498901,0.06597235053777695,24.551776885986328,1.410636867665483,2.4106091845286173,1.015019609508693,0.8881226684512912
task04-init06,arm_actuator_gain_0p5,4,6,pre,32,42,0.7374939918518066,0.987106204032898,0.06414949148893356,29.242231369018555,1.3368999393513468,1.6050861574324213,1.086210105347057,0.05381080154395431
task04-init06,arm_actuator_gain_0p5,4,6,pre,33,43,0.7384750247001648,1.1316014528274536,0.06310465186834335,33.66480255126953,1.328816361108138,0.8511901953086964,1.1270155920403817,0.7328514788261693
task04-init06,arm_actuator_gain_0p5,4,6,pre,34,44,0.7465621829032898,1.1852277517318726,0.06240803375840187,36.76649475097656,1.2621792691804057,0.5713979492317123,1.1542215291577824,1.2845631773557715
task04-init06,arm_actuator_gain_0p5,4,6,pre,35,45,0.7596544623374939,1.2090954780578613,0.06226860359311104,38.188358306884766,1.1543006539378478,0.44686940831185995,1.159666877556046,1.5374763315306283
task04-init06,arm_actuator_gain_0p5,4,6,pre,36,46,0.9418089389801025,1.3522413969039917,0.06295663118362427,39.05787658691406,0.34662764500294485,0.299986499497437,1.1327964372166295,1.6921413905660845
task04-init06,arm_actuator_gain_0p5,4,6,pre,37,47,0.934461772441864,1.3757290840148926,0.06437354534864426,39.217247009277344,0.28608798450418366,0.4225322068494479,1.0774598372572537,1.720489311880047
task04-init06,arm_actuator_gain_0p5,4,6,pre,38,48,1.0554462671279907,1.3520044088363647,0.06602434813976288,38.96582794189453,1.2829838893121752,0.29875002737294876,1.0129888792280752,1.6757682912959924
task04-init06,arm_actuator_gain_0p5,4,6,pre,39,49,1.0582606792449951,1.4778766632080078,0.061726488173007965,37.074928283691406,1.306174265245575,0.9554815469616229,1.1808388192831085,1.3394256128462
task04-init06,arm_actuator_gain_0p5,4,6,pre,40,50,1.0150744915008545,1.3548725843429565,0.05747343599796295,35.25459289550781,0.9503259078333779,0.3137145743121779,1.346938822111084,1.015634512941711
task04-init06,arm_actuator_gain_0p5,4,6,fault_influenced,41,51,1.0670921802520752,1.3751065731048584,0.053117748349905014,33.35866165161133,1.378944641400854,0.4192842906351231,1.5170471821507876,0.678396844109107
task04-init06,arm_actuator_gain_0p5,4,6,fault_influenced,42,52,1.0072836875915527,1.3100597858428955,0.048561956733465195,31.093948364257812,0.8861307352825964,0.07990627872804615,1.694970463885819,0.2755622834888154
task04-init06,arm_actuator_gain_0p5,4,6,fault_influenced,43,53,1.0507380962371826,1.2108184099197388,0.042930278927087784,27.869949340820312,1.244189196716571,0.43788010669454164,1.914911734546491,0.2979046702748399
task04-init06,arm_actuator_gain_0p5,4,6,fault_influenced,44,54,0.9690829515457153,1.0257959365844727,0.038534976541996,23.54892921447754,0.5713618268902946,1.403224619495279,2.086567220664722,1.0665036155571423
task04-init06,arm_actuator_gain_0p5,4,6,fault_influenced,45,55,0.9625117182731628,0.8803759813308716,0.033629272133111954,19.525009155273438,0.5172157517594227,2.161945186382412,2.278156103813147,1.7822560589557896
task04-init06,arm_actuator_gain_0p5,4,6,fault_influenced,46,56,0.9041780233383179,0.6562937498092651,0.028248455375432968,16.768760681152344,0.03655397982135301,3.3310818253870984,2.48830017021126,2.2725221554339012
task04-init06,arm_actuator_gain_0p5,4,6,fault_influenced,47,57,0.8022152185440063,0.5947281122207642,0.022501928731799126,15.189605712890625,0.8036057679702092,3.652297131570178,2.7127267825531405,2.5534134282247427
task04-init06,arm_actuator_gain_0p5,4,6,fault_influenced,48,58,0.8207736015319824,0.6136987209320068,0.016500769183039665,16.064706802368164,0.6506871973007304,3.5533190307277795,2.947097906394227,2.397755330201231
task04-init06,arm_actuator_gain_0p5,4,6,fault_influenced,49,59,0.9068344831466675,0.6752365827560425,0.01583341881632805,16.581541061401367,0.05844285005303914,3.232248643058284,2.973160812099558,2.3058237365581125
task04-init06,arm_actuator_gain_0p5,4,6,fault_influenced,50,60,0.9046463966369629,0.8086838722229004,0.014816593378782272,17.00895118713379,0.040413312577603895,2.5359947971725867,3.0128722243043997,2.229798408687456
task04-init09,nominal,4,9,pre,10,20,0.7025394439697266,1.1638681888580322,0.11937268078327179,23.84103775024414,0.5155614188570439,0.01089634692787056,1.5780616644650132,0.24221745710654355
task04-init09,nominal,4,9,pre,11,21,0.7357463836669922,1.1186344623565674,0.11791180819272995,24.021282196044922,0.2959922991545885,0.16208872217868356,1.5074537350094677,0.21112328201897124
task04-init09,nominal,4,9,pre,12,22,0.7527894973754883,1.1818280220031738,0.11641295254230499,24.205656051635742,0.18330075009650185,0.07957923507448152,1.4350099813827408,0.17931673773494822
task04-init09,nominal,4,9,pre,13,23,0.7236484289169312,1.1806714534759521,0.11486662179231644,24.487600326538086,0.375985737239754,0.07515622812630472,1.3602716275954085,0.13067820904240918
task04-init09,nominal,4,9,pre,14,24,0.7535235285758972,1.1238521337509155,0.1131720244884491,24.815052032470703,0.1784472289356465,0.14213504344082023,1.27836714964046,0.07418914147776023
task04-init09,nominal,4,9,pre,15,25,0.7642827033996582,1.227552890777588,0.11134892702102661,25.488662719726562,0.10730599862912274,0.2544425549155737,1.1902519107046632,0.04201620708284885
task04-init09,nominal,4,9,pre,16,26,0.7665740251541138,1.2388614416122437,0.10939556360244751,26.15068817138672,0.09215544560714939,0.29768927807831286,1.0958405654901429,0.15622297342671812
task04-init09,nominal,4,9,pre,17,27,0.823725700378418,1.270266056060791,0.10741226375102997,26.49757957458496,0.2857397513885077,0.4177883683107024,0.9999823113858995,0.21606560535636746
task04-init09,nominal,4,9,pre,18,28,0.7943164110183716,1.3030956983566284,0.10547054558992386,26.590423583984375,0.09128124859573473,0.543337120989856,0.9061338130092678,0.23208223139592044
task04-init09,nominal,4,9,pre,19,29,0.8559184074401855,1.504638433456421,0.1033652126789093,26.844196319580078,0.49860261724824156,1.3140868835156674,0.8043773705763118,0.2758608556858833
task04-init09,nominal,4,9,pre,20,30,0.9167331457138062,1.5410774946212769,0.10089147835969925,26.88361930847168,0.9007185204121103,1.4534389555492735,0.6848150901739108,0.28266176049948155
task04-init09,nominal,4,9,pre,21,31,0.9600691795349121,1.5421240329742432,0.09795405715703964,26.512371063232422,1.1872626851030705,1.4574411796265816,0.5428415666774598,0.21861730194688728
task04-init09,nominal,4,9,pre,22,32,0.8893606066703796,1.3490159511566162,0.09416656196117401,25.79364013671875,0.719727307232621,0.7189476381498578,0.3597816644421054,0.09462820940880082
task04-init09,nominal,4,9,pre,23,33,0.8101868629455566,1.254327654838562,0.08980654180049896,24.791231155395508,0.19621898723411635,0.35683594077223757,0.1490500798242317,0.07829850817266702
task04-init09,nominal,4,9,pre,24,34,0.7437524795532227,1.111107349395752,0.08529872447252274,23.507266998291016,0.24305482758933544,0.1908742823437814,0.06882494223650648,0.2997966305131515
task04-init09,nominal,4,9,pre,25,35,0.7112374305725098,1.0425671339035034,0.08111034333705902,21.759824752807617,0.4580490651452046,0.45298918709567637,0.27126074783682363,0.6012498869232626
task04-init09,nominal,4,9,pre,26,36,0.6590964198112488,0.9787015914916992,0.07759205251932144,19.651844024658203,0.8028130192348685,0.6972269742980141,0.44130927326693625,0.9649000485196536
task04-init09,nominal,4,9,pre,27,37,0.6287922263145447,0.9272956848144531,0.07406404614448547,17.24134063720703,1.0031887584636205,0.8938160021500642,0.6118273778887359,1.3807387393908037
task04-init09,nominal,4,9,pre,28,38,0.6473399996757507,0.7227981090545654,0.07015131413936615,15.002176284790039,0.8805481807263107,1.6758658134518454,0.8009403143519024,1.7670195377509308
task04-init09,nominal,4,9,pre,29,39,0.6335257887840271,0.7411770820617676,0.06633226573467255,14.950908660888672,0.9718897542808768,1.6055800297754683,0.9855252686400132,1.7758637740702836
task04-init09,nominal,4,9,pre,30,40,0.6059115529060364,0.6353143453598022,0.06286605447530746,16.72664451599121,1.1544791021178789,2.010425578452635,1.1530566479429079,1.4695295547686482
task04-init09,nominal,4,9,pre,31,41,0.5627357959747314,0.6945258975028992,0.06071820855140686,19.044509887695312,1.439963492679603,1.7839858125613977,1.2568678594462368,1.0696719537369508
task04-init09,nominal,4,9,pre,32,42,0.5984561443328857,0.8145080804824829,0.0601668544113636,21.78512191772461,1.2037753489973713,1.3251439744120161,1.2835162985211037,0.5968858441276386
task04-init09,nominal,4,9,pre,33,43,0.6571266055107117,1.0292322635650635,0.060849327594041824,24.43068504333496,0.8158377181649495,0.5039850621966869,1.2505305209455435,0.1404967295145061
task04-init09,nominal,4,9,pre,34,44,0.6561949253082275,1.0190448760986328,0.062320541590452194,27.036701202392578,0.8219981233022073,0.5429441765831322,1.1794227633319754,0.30907009275719016
task04-init09,nominal,4,9,pre,35,45,0.779085099697113,1.1867878437042236,0.06408471614122391,29.25662612915039,0.009430399307133106,0.09854683217671235,1.0941554285660073,0.6920318758357473
task04-init09,nominal,4,9,pre,36,46,0.823178768157959,1.2417688369750977,0.06597654521465302,31.038522720336914,0.2821233559218403,0.3088078841862374,1.0027182049344188,0.9994288907514871
task04-init09,nominal,4,9,pre,37,47,0.879482626914978,1.2885699272155762,0.06847357749938965,32.68275833129883,0.6544126670066565,0.4877869437436912,0.8820298707494985,1.2830778528336773
task04-init09,nominal,4,9,pre,38,48,1.0294547080993652,1.4168739318847656,0.07168535143136978,34.88751983642578,1.646049901446317,0.9784535067479272,0.7267961366890205,1.6634237767382005
task04-init09,nominal,4,9,pre,39,49,1.1081831455230713,1.5263975858688354,0.07542496919631958,37.29497146606445,2.1666137913520283,1.3972993175750121,0.5460502803783448,2.078736005385646
task04-init09,nominal,4,9,pre,40,50,1.2228829860687256,1.6151018142700195,0.07974179089069366,39.377830505371094,2.925025835587923,1.7365264444739086,0.3374065946511162,2.438052395764276
task04-init09,nominal,4,9,fault_influenced,41,51,1.2282698154449463,1.534416675567627,0.07985863834619522,38.231040954589844,2.960644335663722,1.4279663196773524,0.33175904061489886,2.240218421340438
task04-init09,nominal,4,9,fault_influenced,42,52,1.113473892211914,1.2432219982147217,0.07730010896921158,34.21978759765625,2.20159697871071,0.3143651357527469,0.4554196958490405,1.548232526036003
task04-init09,nominal,4,9,fault_influenced,43,53,1.0104520320892334,1.0854623317718506,0.07301608473062515,29.03893280029297,1.5204014411674198,0.28894723562490704,0.6624781916975833,0.654477351185536
task04-init09,nominal,4,9,fault_influenced,44,54,0.8724324703216553,0.8480000495910645,0.06770209223031998,24.303674697875977,0.6077960052162956,1.19706231855784,0.919317843572823,0.16240742918732556
task04-init09,nominal,4,9,fault_influenced,45,55,0.9220218658447266,0.9326437711715698,0.06240205466747284,21.80365562438965,0.9356883078747734,0.8733635840181269,1.175483015520126,0.5936885732353006
task04-init09,nominal,4,9,fault_influenced,46,56,1.0033137798309326,0.9895186424255371,0.05457798019051552,20.857276916503906,1.4732022780148386,0.6558598695281148,1.5536417285390587,0.7569494443895459
task04-init09,nominal,4,9,fault_influenced,47,57,0.8989471197128296,0.9249477386474609,0.04717419296503067,21.085872650146484,0.7831147271194396,0.9027951347877976,1.9114868202366233,0.7175141334451487
task04-init09,nominal,4,9,fault_influenced,48,58,1.0106110572814941,1.0629420280456543,0.039410579949617386,22.77425765991211,1.5214529388902913,0.3750705024366851,2.2867232670434854,0.4262489081803974
task04-init09,nominal,4,9,fault_influenced,49,59,1.0187294483184814,1.1604746580123901,0.031805600970983505,25.443979263305664,1.5751329223408104,0.002081362698366175,2.6542925011511116,0.03430781301113926
task04-init09,nominal,4,9,fault_influenced,50,60,1.0538082122802734,1.335788607597351,0.024343406781554222,28.449949264526367,1.8070788165893885,0.6683629723116029,3.014960559626615,0.5528711291271543
task04-init09,arm_actuator_gain_0p5,4,9,pre,10,20,0.7025394439697266,1.1638681888580322,0.11937268078327179,23.84103775024414,0.5155614188570439,0.01089634692787056,1.5780616644650132,0.24221745710654355
task04-init09,arm_actuator_gain_0p5,4,9,pre,11,21,0.7357463836669922,1.1186344623565674,0.11791180819272995,24.021282196044922,0.2959922991545885,0.16208872217868356,1.5074537350094677,0.21112328201897124
task04-init09,arm_actuator_gain_0p5,4,9,pre,12,22,0.7527894973754883,1.1818280220031738,0.11641295254230499,24.205656051635742,0.18330075009650185,0.07957923507448152,1.4350099813827408,0.17931673773494822
task04-init09,arm_actuator_gain_0p5,4,9,pre,13,23,0.7236484289169312,1.1806714534759521,0.11486662179231644,24.487600326538086,0.375985737239754,0.07515622812630472,1.3602716275954085,0.13067820904240918
task04-init09,arm_actuator_gain_0p5,4,9,pre,14,24,0.7535235285758972,1.1238521337509155,0.1131720244884491,24.815052032470703,0.1784472289356465,0.14213504344082023,1.27836714964046,0.07418914147776023
task04-init09,arm_actuator_gain_0p5,4,9,pre,15,25,0.7642827033996582,1.227552890777588,0.11134892702102661,25.488662719726562,0.10730599862912274,0.2544425549155737,1.1902519107046632,0.04201620708284885
task04-init09,arm_actuator_gain_0p5,4,9,pre,16,26,0.7665740251541138,1.2388614416122437,0.10939556360244751,26.15068817138672,0.09215544560714939,0.29768927807831286,1.0958405654901429,0.15622297342671812
task04-init09,arm_actuator_gain_0p5,4,9,pre,17,27,0.823725700378418,1.270266056060791,0.10741226375102997,26.49757957458496,0.2857397513885077,0.4177883683107024,0.9999823113858995,0.21606560535636746
task04-init09,arm_actuator_gain_0p5,4,9,pre,18,28,0.7943164110183716,1.3030956983566284,0.10547054558992386,26.590423583984375,0.09128124859573473,0.543337120989856,0.9061338130092678,0.23208223139592044
task04-init09,arm_actuator_gain_0p5,4,9,pre,19,29,0.8559184074401855,1.504638433456421,0.1033652126789093,26.844196319580078,0.49860261724824156,1.3140868835156674,0.8043773705763118,0.2758608556858833
task04-init09,arm_actuator_gain_0p5,4,9,pre,20,30,0.9167331457138062,1.5410774946212769,0.10089147835969925,26.88361930847168,0.9007185204121103,1.4534389555492735,0.6848150901739108,0.28266176049948155
task04-init09,arm_actuator_gain_0p5,4,9,pre,21,31,0.9600691795349121,1.5421240329742432,0.09795405715703964,26.512371063232422,1.1872626851030705,1.4574411796265816,0.5428415666774598,0.21861730194688728
task04-init09,arm_actuator_gain_0p5,4,9,pre,22,32,0.8893606066703796,1.3490159511566162,0.09416656196117401,25.79364013671875,0.719727307232621,0.7189476381498578,0.3597816644421054,0.09462820940880082
task04-init09,arm_actuator_gain_0p5,4,9,pre,23,33,0.8101868629455566,1.254327654838562,0.08980654180049896,24.791231155395508,0.19621898723411635,0.35683594077223757,0.1490500798242317,0.07829850817266702
task04-init09,arm_actuator_gain_0p5,4,9,pre,24,34,0.7437524795532227,1.111107349395752,0.08529872447252274,23.507266998291016,0.24305482758933544,0.1908742823437814,0.06882494223650648,0.2997966305131515
task04-init09,arm_actuator_gain_0p5,4,9,pre,25,35,0.7112374305725098,1.0425671339035034,0.08111034333705902,21.759824752807617,0.4580490651452046,0.45298918709567637,0.27126074783682363,0.6012498869232626
task04-init09,arm_actuator_gain_0p5,4,9,pre,26,36,0.6590964198112488,0.9787015914916992,0.07759205251932144,19.651844024658203,0.8028130192348685,0.6972269742980141,0.44130927326693625,0.9649000485196536
task04-init09,arm_actuator_gain_0p5,4,9,pre,27,37,0.6287922263145447,0.9272956848144531,0.07406404614448547,17.24134063720703,1.0031887584636205,0.8938160021500642,0.6118273778887359,1.3807387393908037
task04-init09,arm_actuator_gain_0p5,4,9,pre,28,38,0.6473399996757507,0.7227981090545654,0.07015131413936615,15.002176284790039,0.8805481807263107,1.6758658134518454,0.8009403143519024,1.7670195377509308
task04-init09,arm_actuator_gain_0p5,4,9,pre,29,39,0.6335257887840271,0.7411770820617676,0.06633226573467255,14.950908660888672,0.9718897542808768,1.6055800297754683,0.9855252686400132,1.7758637740702836
task04-init09,arm_actuator_gain_0p5,4,9,pre,30,40,0.6059115529060364,0.6353143453598022,0.06286605447530746,16.72664451599121,1.1544791021178789,2.010425578452635,1.1530566479429079,1.4695295547686482
task04-init09,arm_actuator_gain_0p5,4,9,pre,31,41,0.5627357959747314,0.6945258975028992,0.06071820855140686,19.044509887695312,1.439963492679603,1.7839858125613977,1.2568678594462368,1.0696719537369508
task04-init09,arm_actuator_gain_0p5,4,9,pre,32,42,0.5984561443328857,0.8145080804824829,0.0601668544113636,21.78512191772461,1.2037753489973713,1.3251439744120161,1.2835162985211037,0.5968858441276386
task04-init09,arm_actuator_gain_0p5,4,9,pre,33,43,0.6571266055107117,1.0292322635650635,0.060849327594041824,24.43068504333496,0.8158377181649495,0.5039850621966869,1.2505305209455435,0.1404967295145061
task04-init09,arm_actuator_gain_0p5,4,9,pre,34,44,0.6561949253082275,1.0190448760986328,0.062320541590452194,27.036701202392578,0.8219981233022073,0.5429441765831322,1.1794227633319754,0.30907009275719016
task04-init09,arm_actuator_gain_0p5,4,9,pre,35,45,0.779085099697113,1.1867878437042236,0.06408471614122391,29.25662612915039,0.009430399307133106,0.09854683217671235,1.0941554285660073,0.6920318758357473
task04-init09,arm_actuator_gain_0p5,4,9,pre,36,46,0.823178768157959,1.2417688369750977,0.06597654521465302,31.038522720336914,0.2821233559218403,0.3088078841862374,1.0027182049344188,0.9994288907514871
task04-init09,arm_actuator_gain_0p5,4,9,pre,37,47,0.879482626914978,1.2885699272155762,0.06847357749938965,32.68275833129883,0.6544126670066565,0.4877869437436912,0.8820298707494985,1.2830778528336773
task04-init09,arm_actuator_gain_0p5,4,9,pre,38,48,1.0294547080993652,1.4168739318847656,0.07168535143136978,34.88751983642578,1.646049901446317,0.9784535067479272,0.7267961366890205,1.6634237767382005
task04-init09,arm_actuator_gain_0p5,4,9,pre,39,49,1.1081831455230713,1.5263975858688354,0.07542496919631958,37.29497146606445,2.1666137913520283,1.3972993175750121,0.5460502803783448,2.078736005385646
task04-init09,arm_actuator_gain_0p5,4,9,pre,40,50,1.2228829860687256,1.6151018142700195,0.07974179089069366,39.377830505371094,2.925025835587923,1.7365264444739086,0.3374065946511162,2.438052395764276
task04-init09,arm_actuator_gain_0p5,4,9,fault_influenced,41,51,1.223586916923523,1.537109613418579,0.0804940015077591,38.55925369262695,2.9296803288814433,1.4382647866902687,0.30105021796958176,2.296838775422123
task04-init09,arm_actuator_gain_0p5,4,9,fault_influenced,42,52,1.0624388456344604,1.223756194114685,0.07776549458503723,34.87416458129883,1.8641458208159036,0.23992303849705354,0.4329263484177936,1.6611198464317118
task04-init09,arm_actuator_gain_0p5,4,9,fault_influenced,43,53,0.9834078550338745,1.11318039894104,0.0744035467505455,30.27408218383789,1.3415814052575328,0.18294642305406852,0.595418393971863,0.8675543812189702
task04-init09,arm_actuator_gain_0p5,4,9,fault_influenced,44,54,0.9462656378746033,0.9475800395011902,0.06848854571580887,25.912456512451172,1.0959916580598965,0.8162435629844907,0.881306416304637,0.11512535801097255
task04-init09,arm_actuator_gain_0p5,4,9,fault_influenced,45,55,0.8716154098510742,0.9197568893432617,0.06240904703736305,22.633012771606445,0.6023934824332664,0.9226462391530224,1.1751450553426732,0.4506152250879105
task04-init09,arm_actuator_gain_0p5,4,9,fault_influenced,46,56,0.7856091260910034,0.7806979417800903,0.05549103021621704,20.641983032226562,0.033707413008045396,1.4544423902687367,1.509511547562629,0.7940900381163694
task04-init09,arm_actuator_gain_0p5,4,9,fault_influenced,47,57,0.73777836561203,0.703554093837738,0.04796109348535538,19.40056610107422,0.28255653870840747,1.7494597346173426,1.8734537865639118,1.0082482899417378
task04-init09,arm_actuator_gain_0p5,4,9,fault_influenced,48,58,0.7913238406181335,0.8668292760848999,0.040316883474588394,19.7813720703125,0.07149393743673636,1.125054653079436,2.2429191627220195,0.9425550175122775
task04-init09,arm_actuator_gain_0p5,4,9,fault_influenced,49,59,0.8392190933227539,0.9889620542526245,0.032737210392951965,22.333467483520508,0.3881843211382518,0.6579884017318911,2.6092652942801324,0.5022901246556677
task04-init09,arm_actuator_gain_0p5,4,9,fault_influenced,50,60,0.959788978099823,1.165488839149475,0.025163626298308372,25.177335739135742,1.1854099524212045,0.017094118465745586,2.9753171286032716,0.01169116570729918
task07-init08,nominal,7,8,pre,10,20,0.6409865617752075,0.6874945163726807,0.08694348484277725,14.103403091430664,1.794779223766814,0.33615651276428776,0.40420822111057775,0.6474764915568264
task07-init08,nominal,7,8,pre,11,21,0.6699928641319275,0.7515218257904053,0.08781982213258743,13.222100257873535,1.5561544889796304,0.7113464792068536,0.43203715427731015,0.16578012370241094
task07-init08,nominal,7,8,pre,12,22,0.7088335752487183,0.6586031913757324,0.08892165124416351,12.562555313110352,1.2366255026508164,0.16685789074401713,0.46702679703672373,0.19470936099249134
task07-init08,nominal,7,8,pre,13,23,0.6878741979598999,0.5017040967941284,0.0903107225894928,12.136834144592285,1.409050990923716,0.7525461349176467,0.5111380930895996,0.4273970737576823
task07-init08,nominal,7,8,pre,14,24,0.7250425815582275,0.5149023532867432,0.09226804971694946,12.031179428100586,1.1032796599369359,0.6752064269774332,0.573294897836802,0.4851450932157866
task07-init08,nominal,7,8,pre,15,25,0.7461125254631042,0.5059309005737305,0.09502267837524414,11.771663665771484,0.9299445786690804,0.7277777293318078,0.6607707792379608,0.626989412052638
task07-init08,nominal,7,8,pre,16,26,0.6795344352722168,0.46308788657188416,0.09822547435760498,11.379568099975586,1.4776593104214057,0.9788310553552386,0.7624786448921829,0.8412982769559562
task07-init08,nominal,7,8,pre,17,27,0.7985051870346069,0.624704122543335,0.10156255215406418,12.031271934509277,0.4989284216097479,0.03178532280542744,0.8684507586544139,0.48509453170687816
task07-init08,nominal,7,8,pre,18,28,0.8524694442749023,0.6583878993988037,0.1045195683836937,12.904125213623047,0.05498329500971585,0.1655963136086694,0.962353651962911,0.008016462501210332
task07-init08,nominal,7,8,pre,19,29,0.8369507789611816,0.7011526823043823,0.10698024183511734,13.74313735961914,0.1826499430780021,0.41619121770791856,1.0404947031552596,0.45056495573935484
task07-init08,nominal,7,8,pre,20,30,0.8942904472351074,0.7182677984237671,0.10938572883605957,14.358474731445312,0.2890635130661498,0.5164831072295943,1.116883255555175,0.7868917729553975
task07-init08,nominal,7,8,pre,21,31,1.0518208742141724,0.7947317957878113,0.11210842430591583,14.283918380737305,1.5850114038555616,0.9645501096693122,1.2033450678562438,0.7461412817858949
task07-init08,nominal,7,8,pre,22,32,1.0358222723007202,0.9004420042037964,0.11501704901456833,15.638364791870117,1.4533964847385512,1.5839953106143119,1.2957112418915058,1.4864451726320955
task07-init08,nominal,7,8,pre,23,33,1.0501728057861328,0.9491934180259705,0.11382681876420975,16.231164932250977,1.5714533195911273,1.8696709306319421,1.2579143359793692,1.8104537467705757
task07-init08,nominal,7,8,pre,24,34,1.0278877019882202,0.9765229225158691,0.10649871081113815,15.925907135009766,1.3881215416180632,2.0298175300393897,1.0252032225349066,1.643608064910188
task07-init08,nominal,7,8,pre,25,35,1.0109409093856812,0.8822034597396851,0.0977945625782013,15.287680625915527,1.2487061883426938,1.477120307624465,0.7487946270497144,1.2947706623816633
task07-init08,nominal,7,8,pre,26,36,0.9290658831596375,0.7963928580284119,0.08926140516996384,14.696638107299805,0.5751488979782737,0.9742836732373827,0.47781600959697,0.9717227569124429
task07-init08,nominal,7,8,pre,27,37,0.9763649702072144,0.7937303781509399,0.08044170588254929,14.339385032653809,0.9642619935945143,0.9586819597659407,0.19773797928366305,0.7764578582768442
task07-init08,nominal,7,8,pre,28,38,0.9335222244262695,0.7407774329185486,0.07114731520414352,13.715827941894531,0.6118096636213273,0.6483860262735979,0.09741433252869898,0.43563836430532127
task07-init08,nominal,7,8,pre,29,39,0.7369903326034546,0.6631470918655396,0.06193919852375984,12.705214500427246,1.0049896783526373,0.19348443319587205,0.38982693058826234,0.11673569546568437
task07-init08,nominal,7,8,pre,30,40,0.7768732905387878,0.4542158544063568,0.052680931985378265,11.310009002685547,0.6768864908864672,1.0308197689328247,0.6838320856036604,0.8793174041390662
task07-init08,nominal,7,8,pre,31,41,0.9097237586975098,0.38276904821395874,0.04377437010407448,8.945590019226074,0.4160279847631279,1.44948681993862,0.9666685210974159,2.1716450729625976
task07-init08,nominal,7,8,pre,32,42,1.0005501508712769,0.3538317084312439,0.03520071506500244,8.358213424682617,1.1632250413752325,1.6190550813687712,1.2389331797525729,2.4926892831715715
task07-init08,nominal,7,8,pre,33,43,0.8621220588684082,0.41215604543685913,0.03086770325899124,10.562260627746582,0.02442539931648845,1.2772836366067346,1.3765321354996998,1.2880165056991346
task07-init08,nominal,7,8,pre,34,44,0.9738156199455261,0.45728814601898193,0.0318075530230999,11.491476058959961,0.9432893779679637,1.0128166231263653,1.3466863026494118,0.7801324037461771
task07-init08,nominal,7,8,pre,35,45,0.85431307554245,0.4574548602104187,0.03260907903313637,11.748048782348633,0.03981638345878574,1.0118397041763187,1.3212330735970066,0.63989667064635
task07-init08,nominal,7,8,pre,36,46,0.8735467791557312,0.4933851659297943,0.03250894695520401,12.176656723022461,0.11841258924001269,0.8012937618320382,1.324412864000801,0.40563112605161517
task07-init08,nominal,7,8,pre,37,47,0.850663423538208,0.5354944467544556,0.03219328820705414,12.71561050415039,0.0698407978383726,0.5545399968651219,1.3344369110291545,0.11105352011918347
task07-init08,nominal,7,8,pre,38,48,0.8449203968048096,0.5705510377883911,0.032396383583545685,13.122115135192871,0.11708667614024508,0.3491138852070248,1.3279874220885666,0.11113095136245617
task07-init08,nominal,7,8,pre,39,49,0.8670081496238708,0.5677692890167236,0.032970622181892395,13.449918746948242,0.0646215641474831,0.36541449564630474,1.309751923313192,0.2902995675744288
task07-init08,nominal,7,8,pre,40,50,0.8270257711410522,0.5661656856536865,0.033657364547252655,13.5342378616333,0.26429952149420516,0.37481135922587167,1.2879437592528518,0.3363861223181107
task07-init08,nominal,7,8,fault_influenced,41,51,0.7943404912948608,0.6132239103317261,0.03236633539199829,13.138352394104004,0.533189921201956,0.09905756137984266,1.3289416313001075,0.12000579930755517
task07-init08,nominal,7,8,fault_influenced,42,52,0.7841066122055054,0.5332467555999756,0.030087295919656754,12.549408912658691,0.617380475844499,0.5677111136353222,1.4013147208600365,0.2018948290368464
task07-init08,nominal,7,8,fault_influenced,43,53,0.7578983306884766,0.4910745322704315,0.02777724899351597,11.692946434020996,0.8329868688730809,0.8148337117846657,1.4746724819265686,0.6700141286176807
task07-init08,nominal,7,8,fault_influenced,44,54,0.6981058120727539,0.4583218991756439,0.026938546448946,10.889028549194336,1.3248790694530375,1.0067589921609987,1.501306287575375,1.1094139698858685
task07-init08,nominal,7,8,fault_influenced,45,55,0.7140218615531921,0.4436742961406708,0.028159212321043015,10.335110664367676,1.1939432804158188,1.0925916429647549,1.4625428692334979,1.412170551450072
task07-init08,nominal,7,8,fault_influenced,46,56,0.691581130027771,0.36170658469200134,0.030929159373044968,9.758755683898926,1.378555353434613,1.572909544614496,1.3745805375127436,1.7271906445615763
task07-init08,nominal,7,8,fault_influenced,47,57,0.6741453409194946,0.361820787191391,0.03508602827787399,9.124445915222168,1.521993510446164,1.5722403359236528,1.242575168940088,2.0738872623778657
task07-init08,nominal,7,8,fault_influenced,48,58,0.6992912292480469,0.33703920245170593,0.04032887518405914,9.296791076660156,1.315127055715205,1.7174565261935837,1.0760835248526388,1.9796880437654814
task07-init08,nominal,7,8,fault_influenced,49,59,0.7157377004623413,0.37529659271240234,0.04619283601641655,10.581446647644043,1.179827672035339,1.4932742343149048,0.8898678108878043,1.2775299445009962
task07-init08,nominal,7,8,fault_influenced,50,60,0.7076601982116699,0.4132939577102661,0.05273835361003876,11.858985900878906,1.2462784663697912,1.2706156495937435,0.6820086067062279,0.5792614326537747
task07-init08,arm_actuator_gain_0p5,7,8,pre,10,20,0.6409865617752075,0.6874945163726807,0.08694348484277725,14.103403091430664,1.794779223766814,0.33615651276428776,0.40420822111057775,0.6474764915568264
task07-init08,arm_actuator_gain_0p5,7,8,pre,11,21,0.6699928641319275,0.7515218257904053,0.08781982213258743,13.222100257873535,1.5561544889796304,0.7113464792068536,0.43203715427731015,0.16578012370241094
task07-init08,arm_actuator_gain_0p5,7,8,pre,12,22,0.7088335752487183,0.6586031913757324,0.08892165124416351,12.562555313110352,1.2366255026508164,0.16685789074401713,0.46702679703672373,0.19470936099249134
task07-init08,arm_actuator_gain_0p5,7,8,pre,13,23,0.6878741979598999,0.5017040967941284,0.0903107225894928,12.136834144592285,1.409050990923716,0.7525461349176467,0.5111380930895996,0.4273970737576823
task07-init08,arm_actuator_gain_0p5,7,8,pre,14,24,0.7250425815582275,0.5149023532867432,0.09226804971694946,12.031179428100586,1.1032796599369359,0.6752064269774332,0.573294897836802,0.4851450932157866
task07-init08,arm_actuator_gain_0p5,7,8,pre,15,25,0.7461125254631042,0.5059309005737305,0.09502267837524414,11.771663665771484,0.9299445786690804,0.7277777293318078,0.6607707792379608,0.626989412052638
task07-init08,arm_actuator_gain_0p5,7,8,pre,16,26,0.6795344352722168,0.46308788657188416,0.09822547435760498,11.379568099975586,1.4776593104214057,0.9788310553552386,0.7624786448921829,0.8412982769559562
task07-init08,arm_actuator_gain_0p5,7,8,pre,17,27,0.7985051870346069,0.624704122543335,0.10156255215406418,12.031271934509277,0.4989284216097479,0.03178532280542744,0.8684507586544139,0.48509453170687816
task07-init08,arm_actuator_gain_0p5,7,8,pre,18,28,0.8524694442749023,0.6583878993988037,0.1045195683836937,12.904125213623047,0.05498329500971585,0.1655963136086694,0.962353651962911,0.008016462501210332
task07-init08,arm_actuator_gain_0p5,7,8,pre,19,29,0.8369507789611816,0.7011526823043823,0.10698024183511734,13.74313735961914,0.1826499430780021,0.41619121770791856,1.0404947031552596,0.45056495573935484
task07-init08,arm_actuator_gain_0p5,7,8,pre,20,30,0.8942904472351074,0.7182677984237671,0.10938572883605957,14.358474731445312,0.2890635130661498,0.5164831072295943,1.116883255555175,0.7868917729553975
task07-init08,arm_actuator_gain_0p5,7,8,pre,21,31,1.0518208742141724,0.7947317957878113,0.11210842430591583,14.283918380737305,1.5850114038555616,0.9645501096693122,1.2033450678562438,0.7461412817858949
task07-init08,arm_actuator_gain_0p5,7,8,pre,22,32,1.0358222723007202,0.9004420042037964,0.11501704901456833,15.638364791870117,1.4533964847385512,1.5839953106143119,1.2957112418915058,1.4864451726320955
task07-init08,arm_actuator_gain_0p5,7,8,pre,23,33,1.0501728057861328,0.9491934180259705,0.11382681876420975,16.231164932250977,1.5714533195911273,1.8696709306319421,1.2579143359793692,1.8104537467705757
task07-init08,arm_actuator_gain_0p5,7,8,pre,24,34,1.0278877019882202,0.9765229225158691,0.10649871081113815,15.925907135009766,1.3881215416180632,2.0298175300393897,1.0252032225349066,1.643608064910188
task07-init08,arm_actuator_gain_0p5,7,8,pre,25,35,1.0109409093856812,0.8822034597396851,0.0977945625782013,15.287680625915527,1.2487061883426938,1.477120307624465,0.7487946270497144,1.2947706623816633
task07-init08,arm_actuator_gain_0p5,7,8,pre,26,36,0.9290658831596375,0.7963928580284119,0.08926140516996384,14.696638107299805,0.5751488979782737,0.9742836732373827,0.47781600959697,0.9717227569124429
task07-init08,arm_actuator_gain_0p5,7,8,pre,27,37,0.9763649702072144,0.7937303781509399,0.08044170588254929,14.339385032653809,0.9642619935945143,0.9586819597659407,0.19773797928366305,0.7764578582768442
task07-init08,arm_actuator_gain_0p5,7,8,pre,28,38,0.9335222244262695,0.7407774329185486,0.07114731520414352,13.715827941894531,0.6118096636213273,0.6483860262735979,0.09741433252869898,0.43563836430532127
task07-init08,arm_actuator_gain_0p5,7,8,pre,29,39,0.7369903326034546,0.6631470918655396,0.06193919852375984,12.705214500427246,1.0049896783526373,0.19348443319587205,0.38982693058826234,0.11673569546568437
task07-init08,arm_actuator_gain_0p5,7,8,pre,30,40,0.7768732905387878,0.4542158544063568,0.052680931985378265,11.310009002685547,0.6768864908864672,1.0308197689328247,0.6838320856036604,0.8793174041390662
task07-init08,arm_actuator_gain_0p5,7,8,pre,31,41,0.9097237586975098,0.38276904821395874,0.04377437010407448,8.945590019226074,0.4160279847631279,1.44948681993862,0.9666685210974159,2.1716450729625976
task07-init08,arm_actuator_gain_0p5,7,8,pre,32,42,1.0005501508712769,0.3538317084312439,0.03520071506500244,8.358213424682617,1.1632250413752325,1.6190550813687712,1.2389331797525729,2.4926892831715715
task07-init08,arm_actuator_gain_0p5,7,8,pre,33,43,0.8621220588684082,0.41215604543685913,0.03086770325899124,10.562260627746582,0.02442539931648845,1.2772836366067346,1.3765321354996998,1.2880165056991346
task07-init08,arm_actuator_gain_0p5,7,8,pre,34,44,0.9738156199455261,0.45728814601898193,0.0318075530230999,11.491476058959961,0.9432893779679637,1.0128166231263653,1.3466863026494118,0.7801324037461771
task07-init08,arm_actuator_gain_0p5,7,8,pre,35,45,0.85431307554245,0.4574548602104187,0.03260907903313637,11.748048782348633,0.03981638345878574,1.0118397041763187,1.3212330735970066,0.63989667064635
task07-init08,arm_actuator_gain_0p5,7,8,pre,36,46,0.8735467791557312,0.4933851659297943,0.03250894695520401,12.176656723022461,0.11841258924001269,0.8012937618320382,1.324412864000801,0.40563112605161517
task07-init08,arm_actuator_gain_0p5,7,8,pre,37,47,0.850663423538208,0.5354944467544556,0.03219328820705414,12.71561050415039,0.0698407978383726,0.5545399968651219,1.3344369110291545,0.11105352011918347
task07-init08,arm_actuator_gain_0p5,7,8,pre,38,48,0.8449203968048096,0.5705510377883911,0.032396383583545685,13.122115135192871,0.11708667614024508,0.3491138852070248,1.3279874220885666,0.11113095136245617
task07-init08,arm_actuator_gain_0p5,7,8,pre,39,49,0.8670081496238708,0.5677692890167236,0.032970622181892395,13.449918746948242,0.0646215641474831,0.36541449564630474,1.309751923313192,0.2902995675744288
task07-init08,arm_actuator_gain_0p5,7,8,pre,40,50,0.8270257711410522,0.5661656856536865,0.033657364547252655,13.5342378616333,0.26429952149420516,0.37481135922587167,1.2879437592528518,0.3363861223181107
task07-init08,arm_actuator_gain_0p5,7,8,fault_influenced,41,51,0.7985054850578308,0.5907166600227356,0.03116258606314659,12.819117546081543,0.4989259698766078,0.2309465094699663,1.3671678485473149,0.054479361672024974
task07-init08,arm_actuator_gain_0p5,7,8,fault_influenced,42,52,0.7570900321006775,0.5378175973892212,0.02887839451432228,11.563043594360352,0.8396364594955038,0.5409266994046253,1.4397045472492673,0.7410155184418186
task07-init08,arm_actuator_gain_0p5,7,8,fault_influenced,43,53,0.7143134474754333,0.3956063985824585,0.025803077965974808,10.098910331726074,1.1915445047116013,1.374261965141964,1.5373641809150285,1.5412712850313273
task07-init08,arm_actuator_gain_0p5,7,8,fault_influenced,44,54,0.6720942258834839,0.40271830558776855,0.022899571806192398,8.603740692138672,1.5388673186091915,1.332587308266155,1.629567810509842,2.358490698485942
task07-init08,arm_actuator_gain_0p5,7,8,fault_influenced,45,55,0.7088384628295898,0.3631684184074402,0.021268397569656372,7.40604305267334,1.2365852942273197,1.564343428880008,1.6813673166357188,3.013119936871183
task07-init08,arm_actuator_gain_0p5,7,8,fault_influenced,46,56,0.7251565456390381,0.3422110974788666,0.020691823214292526,6.111129283905029,1.1023421171841838,1.6871500344897843,1.6996769896208177,3.720884890471475
task07-init08,arm_actuator_gain_0p5,7,8,fault_influenced,47,57,0.6947969198226929,0.29050859808921814,0.021238205954432487,4.919633388519287,1.3521001721602999,1.9901185519460085,1.682326080403997,4.372124422749176
task07-init08,arm_actuator_gain_0p5,7,8,fault_influenced,48,58,0.6444252729415894,0.1733037233352661,0.022576505318284035,4.629706859588623,1.7664901461037492,2.67692069037332,1.6398270974361806,4.530590446700165
task07-init08,arm_actuator_gain_0p5,7,8,fault_influenced,49,59,0.6299822330474854,0.26396629214286804,0.024334659799933434,6.537690162658691,1.8853079989229946,2.1456522916561864,1.5839952115452924,3.48773821473109
task07-init08,arm_actuator_gain_0p5,7,8,fault_influenced,50,60,0.7177876234054565,0.3620991110801697,0.02669985219836235,8.31348991394043,1.1629636708048714,1.5706094016951073,1.5088862529882523,2.517133948344446
task07-init11,nominal,7,11,pre,10,20,0.686137855052948,0.7259424924850464,0.09546462446451187,9.998929023742676,0.13241211979510453,0.4230943195541349,0.510058516545825,1.301669183367551
task07-init11,nominal,7,11,pre,11,21,0.6174551844596863,0.6416980028152466,0.09743169695138931,10.394132614135742,0.5485876243705957,0.6116924934921969,0.562386217185217,1.232594820339404
task07-init11,nominal,7,11,pre,12,22,0.5720688700675964,0.5963498950004578,0.09962508082389832,10.890920639038086,0.8236012796317379,0.7132133212512317,0.6207342116966527,1.1457653551869973
task07-init11,nominal,7,11,pre,13,23,0.6439492702484131,0.566421389579773,0.10198347270488739,11.988849639892578,0.38804946494626663,0.7802142787400868,0.6834717189120936,0.9538674366768805
task07-init11,nominal,7,11,pre,14,24,0.6184921860694885,0.5652840733528137,0.10425418615341187,13.294151306152344,0.5423040208869626,0.7827603890487297,0.7438768205872477,0.7257245671579137
task07-init11,nominal,7,11,pre,15,25,0.6207752227783203,0.5964690446853638,0.10617199540138245,14.679532051086426,0.528470197215644,0.7129465808022523,0.7948940296025424,0.4835853385830794
task07-init11,nominal,7,11,pre,16,26,0.7957239151000977,0.7510501742362976,0.1076720654964447,16.202957153320312,0.5316132222689383,0.36688574201198265,0.8347986184756887,0.21731847989073982
task07-init11,nominal,7,11,pre,17,27,0.7906513214111328,0.8486371040344238,0.10878302156925201,17.808963775634766,0.5008763679827494,0.1484178418289962,0.8643520676694487,0.06338211886906181
task07-init11,nominal,7,11,pre,18,28,0.8476726412773132,0.9767875671386719,0.10952940583229065,19.53403091430664,0.8463911297397898,0.1384726530331541,0.8842072446081684,0.3648923193863062
task07-init11,nominal,7,11,pre,19,29,0.9620293974876404,1.0805742740631104,0.10994631052017212,21.108264923095703,1.5393240094073797,0.37081999683825106,0.895297666465093,0.6400396461254183
task07-init11,nominal,7,11,pre,20,30,0.9066495895385742,1.119065761566162,0.10995300859212875,21.885480880737305,1.2037558185170627,0.4569909058637428,0.8954758473438079,0.7758827875199834
task07-init11,nominal,7,11,pre,21,31,0.8474838137626648,1.1580321788787842,0.10959964990615845,22.09500503540039,0.8452469490387812,0.5442250404507495,0.8860758645464607,0.8125037795205095
task07-init11,nominal,7,11,pre,22,32,0.8801013827323914,1.2363580465316772,0.10899201780557632,22.280324935913086,1.0428897184120152,0.719573192826649,0.8699117471231015,0.8448943103646812
task07-init11,nominal,7,11,pre,23,33,0.8208743333816528,1.3267134428024292,0.10788586735725403,22.869365692138672,0.6840095680749467,0.9218518559048664,0.8404861362683528,0.9478478665138876
task07-init11,nominal,7,11,pre,24,34,0.869104266166687,1.5907304286956787,0.10607200860977173,23.47098731994629,0.9762538334635271,1.5129067916432677,0.7922341993552064,1.0530003290293126
task07-init11,nominal,7,11,pre,25,35,0.8793116807937622,1.5550283193588257,0.10378310084342957,24.42293357849121,1.038104601585101,1.4329804646744748,0.7313450957825863,1.2193831328409352
task07-init11,nominal,7,11,pre,26,36,0.9738038778305054,1.7033288478851318,0.10038882493972778,25.412151336669922,1.610670249375614,1.7649809193479784,0.6410511922476148,1.392280313441866
task07-init11,nominal,7,11,pre,27,37,0.872208297252655,1.587311029434204,0.09393042325973511,25.605632781982422,0.9950623872408098,1.505251781099469,0.46924597816723557,1.4260973331188227
task07-init11,nominal,7,11,pre,28,38,0.827838659286499,1.5283153057098389,0.0855063647031784,25.122356414794922,0.7262091771239559,1.3731780299475482,0.2451507212527546,1.3416294587332886
task07-init11,nominal,7,11,pre,29,39,0.8112691640853882,1.4777781963348389,0.07485584169626236,23.87071418762207,0.6258080429467416,1.2600405822451393,0.0381725336231004,1.1228652782380977
task07-init11,nominal,7,11,pre,30,40,0.7535561323165894,1.2855969667434692,0.06436711549758911,22.68276023864746,0.27610192480232537,0.8298043839113629,0.31719169955326637,0.915232644509796
task07-init11,nominal,7,11,pre,31,41,0.71779465675354,1.111398696899414,0.05436467379331589,21.079225540161133,0.05940898015907669,0.4398266450167561,0.5832748147693398,0.6349640928468135
task07-init11,nominal,7,11,pre,32,42,0.6856013536453247,1.0222066640853882,0.045025166124105453,19.345718383789062,0.13566299431839354,0.2401524041912557,0.8317226806685482,0.33197873152445745
task07-init11,nominal,7,11,pre,33,43,0.613433837890625,0.7587836980819702,0.036050401628017426,17.34681510925293,0.572954555985165,0.3495726989735942,1.0704677157362863,0.017393019643427567
task07-init11,nominal,7,11,pre,34,44,0.5329869985580444,0.5158431529998779,0.027939148247241974,14.892973899841309,1.0604138184388416,0.8934437979331391,1.2862417868754952,0.4462796052732427
task07-init11,nominal,7,11,pre,35,45,0.46392345428466797,0.3587406575679779,0.020401695743203163,11.994837760925293,1.4788971874964811,1.2451492195660825,1.4867517125880356,0.9528208225870165
task07-init11,nominal,7,11,pre,36,46,0.4527665078639984,0.32933682203292847,0.014567115344107151,9.639167785644531,1.5465015448407253,1.3109755983645215,1.6419621476467932,1.3645488711232496
task07-init11,nominal,7,11,pre,37,47,0.4497847557067871,0.30770695209503174,0.012558015063405037,9.817266464233398,1.5645691621571116,1.3593983971587729,1.6954078639304804,1.3334204778628411
task07-init11,nominal,7,11,pre,38,48,0.4668470323085785,0.33251410722732544,0.012788034975528717,9.912718772888184,1.4611820702950522,1.303862608683031,1.689288916518525,1.3167371592387929
task07-init11,nominal,7,11,pre,39,49,0.4837011694908142,0.35190415382385254,0.015836201608181,10.294729232788086,1.3590561776147863,1.260454103331376,1.6082021481780202,1.2499687142420486
task07-init11,nominal,7,11,pre,40,50,0.4836999177932739,0.35703206062316895,0.019288307055830956,10.894268035888672,1.3590637621459483,1.248974256254537,1.516369873747202,1.1451802914100546
task07-init11,nominal,7,11,fault_influenced,41,51,0.4620564877986908,0.38977646827697754,0.02421407774090767,11.731745719909668,1.4902098768927394,1.1756693372693654,1.3853354276113865,0.9988045018669918
task07-init11,nominal,7,11,fault_influenced,42,52,0.5412336587905884,0.48227643966674805,0.030282840132713318,13.174805641174316,1.0104440377984494,0.9685896129834036,1.2238953262381462,0.7465840076815403
task07-init11,nominal,7,11,fault_influenced,43,53,0.47851988673210144,0.4610879421234131,0.03707718849182129,15.386861801147461,1.3904516220235412,1.0160243112150271,1.0431533203654886,0.35995702870934954
task07-init11,nominal,7,11,fault_influenced,44,54,0.5156154632568359,0.5359529256820679,0.044410351663827896,17.464691162109375,1.1656748312501386,0.8484240414952274,0.8480778619040111,0.003209559546789295
task07-init11,nominal,7,11,fault_influenced,45,55,0.5895193815231323,0.6578298807144165,0.05228753760457039,19.240833282470703,0.7178617190209347,0.5755780517536307,0.638530409770041,0.3136467331802555
task07-init11,nominal,7,11,fault_influenced,46,56,0.7034155130386353,0.8029593229293823,0.06041180342435837,20.67815589904785,0.027719946820956916,0.25067670931954944,0.4224101841206256,0.5648644513879044
task07-init11,nominal,7,11,fault_influenced,47,57,0.8032139539718628,0.9642817378044128,0.0686463713645935,21.89776611328125,0.5769983344059831,0.11047584771963323,0.20335572174269415,0.7780300215868138
task07-init11,nominal,7,11,fault_influenced,48,58,0.8419777750968933,1.0025486946105957,0.0773114413022995,22.47714614868164,0.8118836799616405,0.19614409978099007,0.027150875621922595,0.8792950603398867
task07-init11,nominal,7,11,fault_influenced,49,59,1.0098376274108887,1.1583839654922485,0.08615528792142868,22.720970153808594,1.8290130101306707,0.5450125852881065,0.262413257396735,0.9219110391784521
task07-init11,nominal,7,11,fault_influenced,50,60,0.9611355066299438,1.1615605354309082,0.09512065351009369,23.134206771850586,1.5339075706532674,0.5521239737262814,0.500908264457244,0.9941372457844364
task07-init11,arm_actuator_gain_0p5,7,11,pre,10,20,0.686137855052948,0.7259424924850464,0.09546462446451187,9.998929023742676,0.13241211979510453,0.4230943195541349,0.510058516545825,1.301669183367551
task07-init11,arm_actuator_gain_0p5,7,11,pre,11,21,0.6174551844596863,0.6416980028152466,0.09743169695138931,10.394132614135742,0.5485876243705957,0.6116924934921969,0.562386217185217,1.232594820339404
task07-init11,arm_actuator_gain_0p5,7,11,pre,12,22,0.5720688700675964,0.5963498950004578,0.09962508082389832,10.890920639038086,0.8236012796317379,0.7132133212512317,0.6207342116966527,1.1457653551869973
task07-init11,arm_actuator_gain_0p5,7,11,pre,13,23,0.6439492702484131,0.566421389579773,0.10198347270488739,11.988849639892578,0.38804946494626663,0.7802142787400868,0.6834717189120936,0.9538674366768805
task07-init11,arm_actuator_gain_0p5,7,11,pre,14,24,0.6184921860694885,0.5652840733528137,0.10425418615341187,13.294151306152344,0.5423040208869626,0.7827603890487297,0.7438768205872477,0.7257245671579137
task07-init11,arm_actuator_gain_0p5,7,11,pre,15,25,0.6207752227783203,0.5964690446853638,0.10617199540138245,14.679532051086426,0.528470197215644,0.7129465808022523,0.7948940296025424,0.4835853385830794
task07-init11,arm_actuator_gain_0p5,7,11,pre,16,26,0.7957239151000977,0.7510501742362976,0.1076720654964447,16.202957153320312,0.5316132222689383,0.36688574201198265,0.8347986184756887,0.21731847989073982
task07-init11,arm_actuator_gain_0p5,7,11,pre,17,27,0.7906513214111328,0.8486371040344238,0.10878302156925201,17.808963775634766,0.5008763679827494,0.1484178418289962,0.8643520676694487,0.06338211886906181
task07-init11,arm_actuator_gain_0p5,7,11,pre,18,28,0.8476726412773132,0.9767875671386719,0.10952940583229065,19.53403091430664,0.8463911297397898,0.1384726530331541,0.8842072446081684,0.3648923193863062
task07-init11,arm_actuator_gain_0p5,7,11,pre,19,29,0.9620293974876404,1.0805742740631104,0.10994631052017212,21.108264923095703,1.5393240094073797,0.37081999683825106,0.895297666465093,0.6400396461254183
task07-init11,arm_actuator_gain_0p5,7,11,pre,20,30,0.9066495895385742,1.119065761566162,0.10995300859212875,21.885480880737305,1.2037558185170627,0.4569909058637428,0.8954758473438079,0.7758827875199834
task07-init11,arm_actuator_gain_0p5,7,11,pre,21,31,0.8474838137626648,1.1580321788787842,0.10959964990615845,22.09500503540039,0.8452469490387812,0.5442250404507495,0.8860758645464607,0.8125037795205095
task07-init11,arm_actuator_gain_0p5,7,11,pre,22,32,0.8801013827323914,1.2363580465316772,0.10899201780557632,22.280324935913086,1.0428897184120152,0.719573192826649,0.8699117471231015,0.8448943103646812
task07-init11,arm_actuator_gain_0p5,7,11,pre,23,33,0.8208743333816528,1.3267134428024292,0.10788586735725403,22.869365692138672,0.6840095680749467,0.9218518559048664,0.8404861362683528,0.9478478665138876
task07-init11,arm_actuator_gain_0p5,7,11,pre,24,34,0.869104266166687,1.5907304286956787,0.10607200860977173,23.47098731994629,0.9762538334635271,1.5129067916432677,0.7922341993552064,1.0530003290293126
task07-init11,arm_actuator_gain_0p5,7,11,pre,25,35,0.8793116807937622,1.5550283193588257,0.10378310084342957,24.42293357849121,1.038104601585101,1.4329804646744748,0.7313450957825863,1.2193831328409352
task07-init11,arm_actuator_gain_0p5,7,11,pre,26,36,0.9738038778305054,1.7033288478851318,0.10038882493972778,25.412151336669922,1.610670249375614,1.7649809193479784,0.6410511922476148,1.392280313441866
task07-init11,arm_actuator_gain_0p5,7,11,pre,27,37,0.872208297252655,1.587311029434204,0.09393042325973511,25.605632781982422,0.9950623872408098,1.505251781099469,0.46924597816723557,1.4260973331188227
task07-init11,arm_actuator_gain_0p5,7,11,pre,28,38,0.827838659286499,1.5283153057098389,0.0855063647031784,25.122356414794922,0.7262091771239559,1.3731780299475482,0.2451507212527546,1.3416294587332886
task07-init11,arm_actuator_gain_0p5,7,11,pre,29,39,0.8112691640853882,1.4777781963348389,0.07485584169626236,23.87071418762207,0.6258080429467416,1.2600405822451393,0.0381725336231004,1.1228652782380977
task07-init11,arm_actuator_gain_0p5,7,11,pre,30,40,0.7535561323165894,1.2855969667434692,0.06436711549758911,22.68276023864746,0.27610192480232537,0.8298043839113629,0.31719169955326637,0.915232644509796
task07-init11,arm_actuator_gain_0p5,7,11,pre,31,41,0.71779465675354,1.111398696899414,0.05436467379331589,21.079225540161133,0.05940898015907669,0.4398266450167561,0.5832748147693398,0.6349640928468135
task07-init11,arm_actuator_gain_0p5,7,11,pre,32,42,0.6856013536453247,1.0222066640853882,0.045025166124105453,19.345718383789062,0.13566299431839354,0.2401524041912557,0.8317226806685482,0.33197873152445745
task07-init11,arm_actuator_gain_0p5,7,11,pre,33,43,0.613433837890625,0.7587836980819702,0.036050401628017426,17.34681510925293,0.572954555985165,0.3495726989735942,1.0704677157362863,0.017393019643427567
task07-init11,arm_actuator_gain_0p5,7,11,pre,34,44,0.5329869985580444,0.5158431529998779,0.027939148247241974,14.892973899841309,1.0604138184388416,0.8934437979331391,1.2862417868754952,0.4462796052732427
task07-init11,arm_actuator_gain_0p5,7,11,pre,35,45,0.46392345428466797,0.3587406575679779,0.020401695743203163,11.994837760925293,1.4788971874964811,1.2451492195660825,1.4867517125880356,0.9528208225870165
task07-init11,arm_actuator_gain_0p5,7,11,pre,36,46,0.4527665078639984,0.32933682203292847,0.014567115344107151,9.639167785644531,1.5465015448407253,1.3109755983645215,1.6419621476467932,1.3645488711232496
task07-init11,arm_actuator_gain_0p5,7,11,pre,37,47,0.4497847557067871,0.30770695209503174,0.012558015063405037,9.817266464233398,1.5645691621571116,1.3593983971587729,1.6954078639304804,1.3334204778628411
task07-init11,arm_actuator_gain_0p5,7,11,pre,38,48,0.4668470323085785,0.33251410722732544,0.012788034975528717,9.912718772888184,1.4611820702950522,1.303862608683031,1.689288916518525,1.3167371592387929
task07-init11,arm_actuator_gain_0p5,7,11,pre,39,49,0.4837011694908142,0.35190415382385254,0.015836201608181,10.294729232788086,1.3590561776147863,1.260454103331376,1.6082021481780202,1.2499687142420486
task07-init11,arm_actuator_gain_0p5,7,11,pre,40,50,0.4836999177932739,0.35703206062316895,0.019288307055830956,10.894268035888672,1.3590637621459483,1.248974256254537,1.516369873747202,1.1451802914100546
task07-init11,arm_actuator_gain_0p5,7,11,fault_influenced,41,51,0.4554504156112671,0.3366825580596924,0.02242562547326088,11.38717269897461,1.530238684772742,1.2945306960770386,1.4329115060190623,1.059029566912836
task07-init11,arm_actuator_gain_0p5,7,11,fault_influenced,42,52,0.4711582660675049,0.39350637793540955,0.02551504410803318,11.83632755279541,1.435058597380181,1.16731918697121,1.350727359502556,0.9805255093008718
task07-init11,arm_actuator_gain_0p5,7,11,fault_influenced,43,53,0.4299955368041992,0.3686959147453308,0.029313983395695686,13.065285682678223,1.6844798774918668,1.2228623811972863,1.2496686750269321,0.7657260943322782
task07-init11,arm_actuator_gain_0p5,7,11,fault_influenced,44,54,0.425931453704834,0.38715165853500366,0.0336417555809021,14.590789794921875,1.7091057666703955,1.1815454999265482,1.1345420750395274,0.49909586269585465
task07-init11,arm_actuator_gain_0p5,7,11,fault_influenced,45,55,0.4448302388191223,0.43311771750450134,0.038526952266693115,16.163806915283203,1.5945905423370195,1.0786412646613632,1.0045869709729691,0.2241612258084174
task07-init11,arm_actuator_gain_0p5,7,11,fault_influenced,46,56,0.5009626150131226,0.5339544415473938,0.04351484775543213,17.39539909362793,1.254462242377594,0.852898048755774,0.8718998922320977,0.008901427320759586
task07-init11,arm_actuator_gain_0p5,7,11,fault_influenced,47,57,0.5673524141311646,0.6691588163375854,0.04832640662789345,18.437631607055664,0.8521801542182655,0.550215958878879,0.7439036877370403,0.17326176335431365
task07-init11,arm_actuator_gain_0p5,7,11,fault_influenced,48,58,0.700546145439148,0.8384588956832886,0.05324869602918625,18.981725692749023,0.045106581589441745,0.17120380108293876,0.6129618500723922,0.26835946314816234
task07-init11,arm_actuator_gain_0p5,7,11,fault_influenced,49,59,0.7635149955749512,0.8912432193756104,0.058046743273735046,19.21641731262207,0.3364466217360184,0.05303551375700607,0.48532507941888064,0.30937926799014587
task07-init11,arm_actuator_gain_0p5,7,11,fault_influenced,50,60,0.8119357824325562,0.9657888412475586,0.06276514381170273,19.5805721282959,0.629847347542727,0.11384980082240749,0.359807055810378,0.37302687278868607
task08-init10,nominal,8,10,pre,10,20,0.7429403066635132,1.3246971368789673,0.1282133013010025,15.648091316223145,1.153029055065345,0.7694082607721869,1.0923281238947415,1.5464972999800342
task08-init10,nominal,8,10,pre,11,21,0.608978807926178,1.1482027769088745,0.1287524700164795,15.087504386901855,2.307055519161065,0.024836601809014033,1.1533735104430027,1.1353081976614965
task08-init10,nominal,8,10,pre,12,22,0.694232165813446,1.0882441997528076,0.12910236418247223,14.69208812713623,1.5726308368287296,0.22810891593857308,1.1929889851559816,0.8452713659215338
task08-init10,nominal,8,10,pre,13,23,0.6877254843711853,1.2587378025054932,0.12940716743469238,14.357316970825195,1.6286833791530915,0.49114752186310073,1.2274992076871338,0.5997175649930437
task08-init10,nominal,8,10,pre,14,24,0.8478213548660278,1.316632866859436,0.1297013908624649,14.133028984069824,0.24951941723185894,0.7353877577499555,1.2608115686686836,0.4352028909773099
task08-init10,nominal,8,10,pre,15,25,0.9530746340751648,1.4198427200317383,0.12993597984313965,14.024723052978516,0.6571968466579794,1.1707961844604091,1.2873720396199388,0.3557607630006073
task08-init10,nominal,8,10,pre,16,26,0.8984937071800232,1.4186866283416748,0.12991544604301453,13.978825569152832,0.1870032860785286,1.1659190138373368,1.2850471759363442,0.322095074084507
task08-init10,nominal,8,10,pre,17,27,0.928840160369873,1.3442046642303467,0.12943513691425323,13.98759651184082,0.44842623522898045,0.851704103000501,1.2306659487133362,0.32852853847998925
task08-init10,nominal,8,10,pre,18,28,0.9173096418380737,1.3796281814575195,0.12855510413646698,14.105057716369629,0.3490952807691974,1.0011442720382877,1.1310274875916162,0.41468603649003205
task08-init10,nominal,8,10,pre,19,29,0.8501154780387878,1.137829065322876,0.12741878628730774,14.193418502807617,0.2297564340000027,0.018926675649264268,1.002372095777484,0.4794984510420183
task08-init10,nominal,8,10,pre,20,30,0.8349136114120483,1.2650997638702393,0.12605510652065277,14.178918838500977,0.3607146313646725,0.5179865445288182,0.8479744905495011,0.4688629837517158
task08-init10,nominal,8,10,pre,21,31,0.7516290545463562,1.0985256433486938,0.1243191808462143,14.115812301635742,1.0781788548871802,0.18473488678533273,0.6514307171938861,0.42257449772607136
task08-init10,nominal,8,10,pre,22,32,0.7935616374015808,1.1535505056381226,0.12229157984256744,14.003401756286621,0.7169458828845391,0.04739691054803524,0.4218630819059919,0.3401216455177546
task08-init10,nominal,8,10,pre,23,33,0.9223004579544067,1.2281675338745117,0.12009139358997345,13.760181427001953,0.3920892300006606,0.36218161250839553,0.17275511919908984,0.1617201458872427
task08-init10,nominal,8,10,pre,24,34,0.896498441696167,1.1725739240646362,0.11783451586961746,13.411014556884766,0.16981484616877807,0.12765045643686726,0.0827715255718439,0.09439287490096306
task08-init10,nominal,8,10,pre,25,35,1.0055489540100098,1.0234181880950928,0.11564421653747559,12.922969818115234,1.1092428036009756,0.5015885390388792,0.33076007822499776,0.45237246295324496
task08-init10,nominal,8,10,pre,26,36,1.016968011856079,1.0684469938278198,0.1136908307671547,12.306442260742188,1.2076135673921633,0.3116268167989831,0.5519249678117724,0.9045938752109147
task08-init10,nominal,8,10,pre,27,37,1.0323584079742432,1.0587400197982788,0.11198696494102478,11.973998069763184,1.340195873358313,0.35257734778429334,0.7448388832463032,1.1484408529225976
task08-init10,nominal,8,10,pre,28,38,0.9443551898002625,0.9912947416305542,0.11026511341333389,11.774304389953613,0.5820822089427415,0.6371067948617233,0.9397891633151584,1.2949156646685596
task08-init10,nominal,8,10,pre,29,39,0.9103507995605469,0.8268780708312988,0.10840202122926712,11.778785705566406,0.28914754785020186,1.3307266553430876,1.150730895071206,1.2916286309407818
task08-init10,nominal,8,10,pre,30,40,0.9415560960769653,0.9186438322067261,0.1067064106464386,11.86357307434082,0.5579690998582966,0.9435970881722245,1.3427101410712585,1.2294373092549336
task08-init10,nominal,8,10,pre,31,41,0.8830634951591492,0.8985304832458496,0.10594639927148819,11.867332458496094,0.05407798152060246,1.0284486925274157,1.4287596221207632,1.2266798104349934
task08-init10,nominal,8,10,pre,32,42,0.8228365778923035,0.8152415156364441,0.10613039135932922,11.93484878540039,0.4647536009262481,1.379817454661081,1.4079277974958109,1.1771567545099566
task08-init10,nominal,8,10,pre,33,43,0.7544812560081482,0.7023140788078308,0.10696178674697876,12.133195877075195,1.0536082431900515,1.8562211708828766,1.3137961252443757,1.0316696617730652
task08-init10,nominal,8,10,pre,34,44,0.844002902507782,0.7489189505577087,0.10840702056884766,12.191459655761719,0.2824139064309134,1.6596105444557623,1.1501648633107953,0.988933326687973
task08-init10,nominal,8,10,pre,35,45,0.8784545660018921,0.889714241027832,0.11026263982057571,12.074142456054688,0.014373840638706732,1.0656415189452277,0.9400692267197133,1.074985197523533
task08-init10,nominal,8,10,pre,36,46,0.9213356971740723,0.9532515406608582,0.11222760379314423,12.255148887634277,0.3837781892723791,0.7975985480433877,0.7175934379441484,0.9422174353404149
task08-init10,nominal,8,10,pre,37,47,0.8158857226371765,1.118840217590332,0.11403786391019821,13.369890213012695,0.5246325287385101,0.09903437914990378,0.5126334218558689,0.124557477669473
task08-init10,nominal,8,10,pre,38,48,0.8577512502670288,1.4310333728790283,0.1156635582447052,14.863443374633789,0.16397721154986347,1.2180058684231125,0.3285701848568513,0.9709600088611725
task08-init10,nominal,8,10,pre,39,49,1.1339775323867798,1.641587257385254,0.11655258387327194,16.342172622680664,2.215605300213427,2.106263459852697,0.2279135414179691,2.0556041920795014
task08-init10,nominal,8,10,pre,40,50,1.0890053510665894,1.5703027248382568,0.1116185113787651,16.402114868164062,1.828187363860147,1.8055374612093085,0.7865556770579157,2.0995716783373726
task08-init10,nominal,8,10,fault_influenced,41,51,1.0194653272628784,1.433012843132019,0.10140050947666168,16.585254669189453,1.2291269730781595,1.2263566024091013,1.9434512052284303,2.2339042616418014
task08-init10,nominal,8,10,fault_influenced,42,52,0.9590393900871277,1.3020217418670654,0.09155986458063126,16.739046096801758,0.7085809111433731,0.67374822673757,3.057621880043829,2.346709886883104
task08-init10,nominal,8,10,fault_influenced,43,53,0.8820409774780273,1.2267298698425293,0.0814453586935997,16.838869094848633,0.045269387445866976,0.3561165807787344,4.202799454140028,2.41992980481329
task08-init10,nominal,8,10,fault_influenced,44,54,0.8146371841430664,1.0662257671356201,0.07046443223953247,16.6650333404541,0.5353882046396167,0.32099744169274547,5.446074297068424,2.292421716305243
task08-init10,nominal,8,10,fault_influenced,45,55,0.8082432150840759,0.9695414304733276,0.05903734266757965,15.545178413391113,0.5904697734055216,0.7288768603698952,6.739864311246709,1.471010944663596
task08-init10,nominal,8,10,fault_influenced,46,56,0.6988617777824402,0.8231624364852905,0.04790444299578667,14.89556884765625,1.5327485215286507,1.3464016946450617,8.000345760483567,0.9945239625010786
task08-init10,nominal,8,10,fault_influenced,47,57,0.92607182264328,0.7398378849029541,0.037852946668863297,14.38144588470459,0.42457807715255436,1.697920573857608,9.138389309843859,0.6174160626194541
task08-init10,nominal,8,10,fault_influenced,48,58,0.9694198966026306,0.7128589153289795,0.029262572526931763,13.58086109161377,0.7980049571754123,1.8117359736030454,10.111002696034989,0.030189131018598075
task08-init10,nominal,8,10,fault_influenced,49,59,0.8137323260307312,0.6789106726646423,0.022947460412979126,15.474072456359863,0.5431832070673963,1.9549524444509132,10.826007942121633,1.4188549040713205
task08-init10,nominal,8,10,fault_influenced,50,60,0.9320306777954102,0.8820335268974304,0.023692673072218895,16.90951919555664,0.4759113080143166,1.0980439258157026,10.741633991003745,2.471751475939322
task08-init10,arm_actuator_gain_0p5,8,10,pre,10,20,0.7429403066635132,1.3246971368789673,0.1282133013010025,15.648091316223145,1.153029055065345,0.7694082607721869,1.0923281238947415,1.5464972999800342
task08-init10,arm_actuator_gain_0p5,8,10,pre,11,21,0.608978807926178,1.1482027769088745,0.1287524700164795,15.087504386901855,2.307055519161065,0.024836601809014033,1.1533735104430027,1.1353081976614965
task08-init10,arm_actuator_gain_0p5,8,10,pre,12,22,0.694232165813446,1.0882441997528076,0.12910236418247223,14.69208812713623,1.5726308368287296,0.22810891593857308,1.1929889851559816,0.8452713659215338
task08-init10,arm_actuator_gain_0p5,8,10,pre,13,23,0.6877254843711853,1.2587378025054932,0.12940716743469238,14.357316970825195,1.6286833791530915,0.49114752186310073,1.2274992076871338,0.5997175649930437
task08-init10,arm_actuator_gain_0p5,8,10,pre,14,24,0.8478213548660278,1.316632866859436,0.1297013908624649,14.133028984069824,0.24951941723185894,0.7353877577499555,1.2608115686686836,0.4352028909773099
task08-init10,arm_actuator_gain_0p5,8,10,pre,15,25,0.9530746340751648,1.4198427200317383,0.12993597984313965,14.024723052978516,0.6571968466579794,1.1707961844604091,1.2873720396199388,0.3557607630006073
task08-init10,arm_actuator_gain_0p5,8,10,pre,16,26,0.8984937071800232,1.4186866283416748,0.12991544604301453,13.978825569152832,0.1870032860785286,1.1659190138373368,1.2850471759363442,0.322095074084507
task08-init10,arm_actuator_gain_0p5,8,10,pre,17,27,0.928840160369873,1.3442046642303467,0.12943513691425323,13.98759651184082,0.44842623522898045,0.851704103000501,1.2306659487133362,0.32852853847998925
task08-init10,arm_actuator_gain_0p5,8,10,pre,18,28,0.9173096418380737,1.3796281814575195,0.12855510413646698,14.105057716369629,0.3490952807691974,1.0011442720382877,1.1310274875916162,0.41468603649003205
task08-init10,arm_actuator_gain_0p5,8,10,pre,19,29,0.8501154780387878,1.137829065322876,0.12741878628730774,14.193418502807617,0.2297564340000027,0.018926675649264268,1.002372095777484,0.4794984510420183
task08-init10,arm_actuator_gain_0p5,8,10,pre,20,30,0.8349136114120483,1.2650997638702393,0.12605510652065277,14.178918838500977,0.3607146313646725,0.5179865445288182,0.8479744905495011,0.4688629837517158
task08-init10,arm_actuator_gain_0p5,8,10,pre,21,31,0.7516290545463562,1.0985256433486938,0.1243191808462143,14.115812301635742,1.0781788548871802,0.18473488678533273,0.6514307171938861,0.42257449772607136
task08-init10,arm_actuator_gain_0p5,8,10,pre,22,32,0.7935616374015808,1.1535505056381226,0.12229157984256744,14.003401756286621,0.7169458828845391,0.04739691054803524,0.4218630819059919,0.3401216455177546
task08-init10,arm_actuator_gain_0p5,8,10,pre,23,33,0.9223004579544067,1.2281675338745117,0.12009139358997345,13.760181427001953,0.3920892300006606,0.36218161250839553,0.17275511919908984,0.1617201458872427
task08-init10,arm_actuator_gain_0p5,8,10,pre,24,34,0.896498441696167,1.1725739240646362,0.11783451586961746,13.411014556884766,0.16981484616877807,0.12765045643686726,0.0827715255718439,0.09439287490096306
task08-init10,arm_actuator_gain_0p5,8,10,pre,25,35,1.0055489540100098,1.0234181880950928,0.11564421653747559,12.922969818115234,1.1092428036009756,0.5015885390388792,0.33076007822499776,0.45237246295324496
task08-init10,arm_actuator_gain_0p5,8,10,pre,26,36,1.016968011856079,1.0684469938278198,0.1136908307671547,12.306442260742188,1.2076135673921633,0.3116268167989831,0.5519249678117724,0.9045938752109147
task08-init10,arm_actuator_gain_0p5,8,10,pre,27,37,1.0323584079742432,1.0587400197982788,0.11198696494102478,11.973998069763184,1.340195873358313,0.35257734778429334,0.7448388832463032,1.1484408529225976
task08-init10,arm_actuator_gain_0p5,8,10,pre,28,38,0.9443551898002625,0.9912947416305542,0.11026511341333389,11.774304389953613,0.5820822089427415,0.6371067948617233,0.9397891633151584,1.2949156646685596
task08-init10,arm_actuator_gain_0p5,8,10,pre,29,39,0.9103507995605469,0.8268780708312988,0.10840202122926712,11.778785705566406,0.28914754785020186,1.3307266553430876,1.150730895071206,1.2916286309407818
task08-init10,arm_actuator_gain_0p5,8,10,pre,30,40,0.9415560960769653,0.9186438322067261,0.1067064106464386,11.86357307434082,0.5579690998582966,0.9435970881722245,1.3427101410712585,1.2294373092549336
task08-init10,arm_actuator_gain_0p5,8,10,pre,31,41,0.8830634951591492,0.8985304832458496,0.10594639927148819,11.867332458496094,0.05407798152060246,1.0284486925274157,1.4287596221207632,1.2266798104349934
task08-init10,arm_actuator_gain_0p5,8,10,pre,32,42,0.8228365778923035,0.8152415156364441,0.10613039135932922,11.93484878540039,0.4647536009262481,1.379817454661081,1.4079277974958109,1.1771567545099566
task08-init10,arm_actuator_gain_0p5,8,10,pre,33,43,0.7544812560081482,0.7023140788078308,0.10696178674697876,12.133195877075195,1.0536082431900515,1.8562211708828766,1.3137961252443757,1.0316696617730652
task08-init10,arm_actuator_gain_0p5,8,10,pre,34,44,0.844002902507782,0.7489189505577087,0.10840702056884766,12.191459655761719,0.2824139064309134,1.6596105444557623,1.1501648633107953,0.988933326687973
task08-init10,arm_actuator_gain_0p5,8,10,pre,35,45,0.8784545660018921,0.889714241027832,0.11026263982057571,12.074142456054688,0.014373840638706732,1.0656415189452277,0.9400692267197133,1.074985197523533
task08-init10,arm_actuator_gain_0p5,8,10,pre,36,46,0.9213356971740723,0.9532515406608582,0.11222760379314423,12.255148887634277,0.3837781892723791,0.7975985480433877,0.7175934379441484,0.9422174353404149
task08-init10,arm_actuator_gain_0p5,8,10,pre,37,47,0.8158857226371765,1.118840217590332,0.11403786391019821,13.369890213012695,0.5246325287385101,0.09903437914990378,0.5126334218558689,0.124557477669473
task08-init10,arm_actuator_gain_0p5,8,10,pre,38,48,0.8577512502670288,1.4310333728790283,0.1156635582447052,14.863443374633789,0.16397721154986347,1.2180058684231125,0.3285701848568513,0.9709600088611725
task08-init10,arm_actuator_gain_0p5,8,10,pre,39,49,1.1339775323867798,1.641587257385254,0.11655258387327194,16.342172622680664,2.215605300213427,2.106263459852697,0.2279135414179691,2.0556041920795014
task08-init10,arm_actuator_gain_0p5,8,10,pre,40,50,1.0890053510665894,1.5703027248382568,0.1116185113787651,16.402114868164062,1.828187363860147,1.8055374612093085,0.7865556770579157,2.0995716783373726
task08-init10,arm_actuator_gain_0p5,8,10,fault_influenced,41,51,1.0072627067565918,1.4213651418685913,0.10177864134311676,16.606552124023438,1.1240061202338405,1.1772187814935353,1.900638621168273,2.249525891181859
task08-init10,arm_actuator_gain_0p5,8,10,fault_influenced,42,52,0.9919206500053406,1.309665560722351,0.09142686426639557,16.727550506591797,0.9918402392047125,0.7059949845765084,3.072680349425486,2.338277900384991
task08-init10,arm_actuator_gain_0p5,8,10,fault_influenced,43,53,0.9139571189880371,1.2903159856796265,0.08094916492700577,16.770305633544922,0.3202145939532503,0.6243654911907981,4.258979160816383,2.36963867844069
task08-init10,arm_actuator_gain_0p5,8,10,fault_influenced,44,54,0.9324005842208862,1.1975269317626953,0.06986773759126663,16.800334930419922,0.4790979087037837,0.23291898932943655,5.51363284490153,2.3916650921500455
task08-init10,arm_actuator_gain_0p5,8,10,fault_influenced,45,55,0.8537579774856567,1.125929594039917,0.05779179930686951,16.318347930908203,0.19837771103287008,0.06912663147470112,6.88088635821378,2.0381288406031572
task08-init10,arm_actuator_gain_0p5,8,10,fault_influenced,46,56,0.9176363945007324,0.9514457583427429,0.04524751007556915,15.845405578613281,0.35191012849392483,0.8052165497549056,8.301167177772196,1.6912268150350394
task08-init10,arm_actuator_gain_0p5,8,10,fault_influenced,47,57,1.04103684425354,0.8125981092453003,0.03300246596336365,15.216727256774902,1.414957243062859,1.3909691168575462,9.68756707389524,1.230092847611246
task08-init10,arm_actuator_gain_0p5,8,10,fault_influenced,48,58,1.0486305952072144,0.7470554113388062,0.021350029855966568,13.92043685913086,1.4803744684962283,1.6674722035365193,11.006871117297822,0.27926710217916817
task08-init10,arm_actuator_gain_0p5,8,10,fault_influenced,49,59,0.7742854356765747,0.5277500152587891,0.010935923084616661,12.067094802856445,0.8830029002184668,2.592649544084645,12.185969895032912,1.0801546334137813
task08-init10,arm_actuator_gain_0p5,8,10,fault_influenced,50,60,0.7264281511306763,0.6113661527633667,0.006563039496541023,11.091876983642578,1.2952748842309423,2.239900559763413,12.681073489328929,1.7954744503297542
task08-init23,nominal,8,23,pre,10,20,0.6657377481460571,1.1517678499221802,0.1238875687122345,16.054317474365234,0.9964267360412172,0.10348508033906309,0.7020779032798443,0.4599151997574405
task08-init23,nominal,8,23,pre,11,21,0.5966274738311768,1.1480339765548706,0.12427189946174622,15.405220985412598,1.395236011570313,0.11732732051301648,0.7479942629274714,0.2310581550485059
task08-init23,nominal,8,23,pre,12,22,0.7440183162689209,1.3476417064666748,0.12481343001127243,15.012045860290527,0.5446991605023735,0.6226597830152684,0.8126914319773412,0.0924333146435098
task08-init23,nominal,8,23,pre,13,23,0.7349042892456055,1.3283772468566895,0.125497505068779,14.89903736114502,0.597292766161647,0.55124245025902,0.8944185287718296,0.0525890209497255
task08-init23,nominal,8,23,pre,14,24,0.6335569620132446,1.1766362190246582,0.12616662681102753,14.79370403289795,1.182129891336325,0.011292897051642449,0.974359138791101,0.015450822511958822
task08-init23,nominal,8,23,pre,15,25,0.7469323873519897,1.2850385904312134,0.12675970792770386,14.791322708129883,0.5278831575418883,0.3905770949981513,1.045215103056579,0.014611220144379796
task08-init23,nominal,8,23,pre,16,26,0.7292150855064392,1.43406343460083,0.12715095281600952,14.713203430175781,0.6301230109269437,0.9430429881755039,1.0919575014323584,0.012931906943272715
task08-init23,nominal,8,23,pre,17,27,0.7592940330505371,1.3002550601959229,0.12717056274414062,14.684731483459473,0.4565487718191051,0.44698769288475754,1.094300318169962,0.02297048471022178
task08-init23,nominal,8,23,pre,18,28,0.8281086683273315,1.2826392650604248,0.12685638666152954,14.680974960327148,0.05944551745351938,0.38168230003035997,1.0567654032036713,0.02429495156079999
task08-init23,nominal,8,23,pre,19,29,0.8640767931938171,1.1951258182525635,0.12634827196598053,14.498712539672852,0.1481129383961433,0.057251868144083166,0.9960604579638901,0.08855664402464984
task08-init23,nominal,8,23,pre,20,30,0.7827589511871338,1.1902073621749878,0.12569518387317657,14.29238510131836,0.321141596906608,0.039018135070296604,0.9180354032711092,0.161303128696545
task08-init23,nominal,8,23,pre,21,31,0.8636114001274109,1.0586802959442139,0.12489397078752518,14.208711624145508,0.14542733088713394,0.4485798793887997,0.8223137150067854,0.19080454340485442
task08-init23,nominal,8,23,pre,22,32,0.9520299434661865,1.1133906841278076,0.12420279532670975,14.317337036132812,0.6556573301433032,0.2457571645431684,0.7397383262856495,0.15250562915896487
task08-init23,nominal,8,23,pre,23,33,0.9787504076957703,1.160252332687378,0.12347390502691269,14.287992477416992,0.8098510312513156,0.07203134941827949,0.6526571099331494,0.16285187058884337
task08-init23,nominal,8,23,pre,24,34,0.893834114074707,1.1467715501785278,0.12260384112596512,13.957313537597656,0.3198311915769052,0.12200739596931448,0.5487097493769575,0.27944194032816516
task08-init23,nominal,8,23,pre,25,35,0.7844808101654053,1.050606608390808,0.12154268473386765,13.474660873413086,0.3112053994526809,0.4785107075690353,0.421932387420286,0.4496145791055019
task08-init23,nominal,8,23,pre,26,36,0.7462424039840698,0.9712154269218445,0.12020054459571838,13.11905288696289,0.5318647908057578,0.7728302233857052,0.2615856304692177,0.5749940785158352
task08-init23,nominal,8,23,pre,27,37,0.763251006603241,1.0192936658859253,0.11869267374277115,12.813820838928223,0.4337145728308103,0.59459425622406,0.08143886762481387,0.68261213785303
task08-init23,nominal,8,23,pre,28,38,0.8662136793136597,1.053678274154663,0.11672893166542053,12.634034156799316,0.16044410064069958,0.4671234078256518,0.15317126334535983,0.7460009397497052
task08-init23,nominal,8,23,pre,29,39,0.7814732789993286,0.9614869952201843,0.1140289157629013,12.493318557739258,0.3285607252325983,0.8088955300748052,0.47574472745639435,0.7956141431692698
task08-init23,nominal,8,23,pre,30,40,0.7073796987533569,0.9057547450065613,0.11107853055000305,12.355493545532227,0.7561267760432308,1.0155064986325597,0.828230050857109,0.8442081896901031
task08-init23,nominal,8,23,pre,31,41,0.671707034111023,0.9461891055107117,0.10857445746660233,12.314729690551758,0.9619802425970226,0.8656079685220017,1.1273940402788416,0.8585806220488528
task08-init23,nominal,8,23,pre,32,42,0.7749900817871094,0.8887772560119629,0.10645615309476852,12.287200927734375,0.3659728062719106,1.0784455587172928,1.380469875360562,0.8682866540642857
task08-init23,nominal,8,23,pre,33,43,0.8081227540969849,0.9218589663505554,0.10501168668270111,12.260624885559082,0.17477667557735618,0.955804822188536,1.5530416494371055,0.877656777883799
task08-init23,nominal,8,23,pre,34,44,0.8791939616203308,0.8898410797119141,0.10432296246290207,12.131057739257812,0.23534840443930358,1.0745017444234304,1.635324186066041,0.9233392837955547
task08-init23,nominal,8,23,pre,35,45,0.79563307762146,0.8636018633842468,0.10437551140785217,12.965702056884766,0.2468498785298208,1.1717759416588867,1.629046113706497,0.62906218452573
task08-init23,nominal,8,23,pre,36,46,0.9767494201660156,1.1037042140960693,0.105149045586586,14.8026762008667,0.7983040884125664,0.28166691065052923,1.536631250738601,0.0186142102068661
task08-init23,nominal,8,23,pre,37,47,0.9428342580795288,1.2539572715759277,0.10661470890045166,16.787242889404297,0.6025925049287861,0.27535222307698753,1.3615270626732723,0.7183284670184631
task08-init23,nominal,8,23,pre,38,48,1.017505168914795,1.5322692394256592,0.1089344471693039,19.023536682128906,1.0334901123905795,1.307112200796171,1.0843857286106033,1.506796125085295
task08-init23,nominal,8,23,pre,39,49,1.2440327405929565,1.7329686880111694,0.11203305423259735,21.70772933959961,2.340695121253947,2.051146531050497,0.7141921999751281,2.453183002033863
task08-init23,nominal,8,23,pre,40,50,1.4574463367462158,2.1560702323913574,0.11480443179607391,25.478437423706055,3.5722243332804537,3.619671389594686,0.38309309045650647,3.7826511524179853
task08-init23,nominal,8,23,fault_influenced,41,51,1.426529884338379,2.220055341720581,0.1108180433511734,27.062301635742188,3.3938171701063893,3.8568774123393634,0.8593507038890635,4.341086591456825
task08-init23,nominal,8,23,fault_influenced,42,52,1.3001399040222168,2.0525312423706055,0.1024303063750267,27.77229881286621,2.664468357882498,3.2358309573551467,1.8614416063624009,4.591415869882711
task08-init23,nominal,8,23,fault_influenced,43,53,1.5168218612670898,1.8221791982650757,0.09229274839162827,27.82646942138672,3.9148580466186647,2.38186832782779,3.072585286397827,4.610515226584042
task08-init23,nominal,8,23,fault_influenced,44,54,1.3277361392974854,1.9264066219329834,0.08127999305725098,27.794315338134766,2.8237158027315297,2.7682609258614868,4.38828962513998,4.599178409032863
task08-init23,nominal,8,23,fault_influenced,45,55,1.3054141998291016,1.7088918685913086,0.06984736770391464,27.33751678466797,2.6949043257689254,1.9618887860095184,5.754156233802697,4.438121357033687
task08-init23,nominal,8,23,fault_influenced,46,56,1.2084468603134155,1.4993078708648682,0.05866792052984238,26.164182662963867,2.1353424544610564,1.1849175961062373,7.089775404942422,4.024429734725516
task08-init23,nominal,8,23,fault_influenced,47,57,0.9135178327560425,1.0855159759521484,0.04755747318267822,24.264501571655273,0.4334184933904605,0.3490944680319469,8.417151101231482,3.354644259305926
task08-init23,nominal,8,23,fault_influenced,48,58,0.8136247396469116,0.7596763372421265,0.036663614213466644,19.56328010559082,0.1430267962303226,1.5570493431776564,9.718650778310003,1.6970977010403454
task08-init23,nominal,8,23,fault_influenced,49,59,0.7174692153930664,0.6590925455093384,0.026672180742025375,18.08304214477539,0.6979039884561337,1.9299342446748329,10.912336824125727,1.1751985828910285
task08-init23,nominal,8,23,fault_influenced,50,60,0.973835825920105,0.986015260219574,0.018497038632631302,21.231964111328125,0.781490837099119,0.7179641829797186,11.889028815964268,2.2854387206048066
task08-init23,arm_actuator_gain_0p5,8,23,pre,10,20,0.6657377481460571,1.1517678499221802,0.1238875687122345,16.054317474365234,0.9964267360412172,0.10348508033906309,0.7020779032798443,0.4599151997574405
task08-init23,arm_actuator_gain_0p5,8,23,pre,11,21,0.5966274738311768,1.1480339765548706,0.12427189946174622,15.405220985412598,1.395236011570313,0.11732732051301648,0.7479942629274714,0.2310581550485059
task08-init23,arm_actuator_gain_0p5,8,23,pre,12,22,0.7440183162689209,1.3476417064666748,0.12481343001127243,15.012045860290527,0.5446991605023735,0.6226597830152684,0.8126914319773412,0.0924333146435098
task08-init23,arm_actuator_gain_0p5,8,23,pre,13,23,0.7349042892456055,1.3283772468566895,0.125497505068779,14.89903736114502,0.597292766161647,0.55124245025902,0.8944185287718296,0.0525890209497255
task08-init23,arm_actuator_gain_0p5,8,23,pre,14,24,0.6335569620132446,1.1766362190246582,0.12616662681102753,14.79370403289795,1.182129891336325,0.011292897051642449,0.974359138791101,0.015450822511958822
task08-init23,arm_actuator_gain_0p5,8,23,pre,15,25,0.7469323873519897,1.2850385904312134,0.12675970792770386,14.791322708129883,0.5278831575418883,0.3905770949981513,1.045215103056579,0.014611220144379796
task08-init23,arm_actuator_gain_0p5,8,23,pre,16,26,0.7292150855064392,1.43406343460083,0.12715095281600952,14.713203430175781,0.6301230109269437,0.9430429881755039,1.0919575014323584,0.012931906943272715
task08-init23,arm_actuator_gain_0p5,8,23,pre,17,27,0.7592940330505371,1.3002550601959229,0.12717056274414062,14.684731483459473,0.4565487718191051,0.44698769288475754,1.094300318169962,0.02297048471022178
task08-init23,arm_actuator_gain_0p5,8,23,pre,18,28,0.8281086683273315,1.2826392650604248,0.12685638666152954,14.680974960327148,0.05944551745351938,0.38168230003035997,1.0567654032036713,0.02429495156079999
task08-init23,arm_actuator_gain_0p5,8,23,pre,19,29,0.8640767931938171,1.1951258182525635,0.12634827196598053,14.498712539672852,0.1481129383961433,0.057251868144083166,0.9960604579638901,0.08855664402464984
task08-init23,arm_actuator_gain_0p5,8,23,pre,20,30,0.7827589511871338,1.1902073621749878,0.12569518387317657,14.29238510131836,0.321141596906608,0.039018135070296604,0.9180354032711092,0.161303128696545
task08-init23,arm_actuator_gain_0p5,8,23,pre,21,31,0.8636114001274109,1.0586802959442139,0.12489397078752518,14.208711624145508,0.14542733088713394,0.4485798793887997,0.8223137150067854,0.19080454340485442
task08-init23,arm_actuator_gain_0p5,8,23,pre,22,32,0.9520299434661865,1.1133906841278076,0.12420279532670975,14.317337036132812,0.6556573301433032,0.2457571645431684,0.7397383262856495,0.15250562915896487
task08-init23,arm_actuator_gain_0p5,8,23,pre,23,33,0.9787504076957703,1.160252332687378,0.12347390502691269,14.287992477416992,0.8098510312513156,0.07203134941827949,0.6526571099331494,0.16285187058884337
task08-init23,arm_actuator_gain_0p5,8,23,pre,24,34,0.893834114074707,1.1467715501785278,0.12260384112596512,13.957313537597656,0.3198311915769052,0.12200739596931448,0.5487097493769575,0.27944194032816516
task08-init23,arm_actuator_gain_0p5,8,23,pre,25,35,0.7844808101654053,1.050606608390808,0.12154268473386765,13.474660873413086,0.3112053994526809,0.4785107075690353,0.421932387420286,0.4496145791055019
task08-init23,arm_actuator_gain_0p5,8,23,pre,26,36,0.7462424039840698,0.9712154269218445,0.12020054459571838,13.11905288696289,0.5318647908057578,0.7728302233857052,0.2615856304692177,0.5749940785158352
task08-init23,arm_actuator_gain_0p5,8,23,pre,27,37,0.763251006603241,1.0192936658859253,0.11869267374277115,12.813820838928223,0.4337145728308103,0.59459425622406,0.08143886762481387,0.68261213785303
task08-init23,arm_actuator_gain_0p5,8,23,pre,28,38,0.8662136793136597,1.053678274154663,0.11672893166542053,12.634034156799316,0.16044410064069958,0.4671234078256518,0.15317126334535983,0.7460009397497052
task08-init23,arm_actuator_gain_0p5,8,23,pre,29,39,0.7814732789993286,0.9614869952201843,0.1140289157629013,12.493318557739258,0.3285607252325983,0.8088955300748052,0.47574472745639435,0.7956141431692698
task08-init23,arm_actuator_gain_0p5,8,23,pre,30,40,0.7073796987533569,0.9057547450065613,0.11107853055000305,12.355493545532227,0.7561267760432308,1.0155064986325597,0.828230050857109,0.8442081896901031
task08-init23,arm_actuator_gain_0p5,8,23,pre,31,41,0.671707034111023,0.9461891055107117,0.10857445746660233,12.314729690551758,0.9619802425970226,0.8656079685220017,1.1273940402788416,0.8585806220488528
task08-init23,arm_actuator_gain_0p5,8,23,pre,32,42,0.7749900817871094,0.8887772560119629,0.10645615309476852,12.287200927734375,0.3659728062719106,1.0784455587172928,1.380469875360562,0.8682866540642857
task08-init23,arm_actuator_gain_0p5,8,23,pre,33,43,0.8081227540969849,0.9218589663505554,0.10501168668270111,12.260624885559082,0.17477667557735618,0.955804822188536,1.5530416494371055,0.877656777883799
task08-init23,arm_actuator_gain_0p5,8,23,pre,34,44,0.8791939616203308,0.8898410797119141,0.10432296246290207,12.131057739257812,0.23534840443930358,1.0745017444234304,1.635324186066041,0.9233392837955547
task08-init23,arm_actuator_gain_0p5,8,23,pre,35,45,0.79563307762146,0.8636018633842468,0.10437551140785217,12.965702056884766,0.2468498785298208,1.1717759416588867,1.629046113706497,0.62906218452573
task08-init23,arm_actuator_gain_0p5,8,23,pre,36,46,0.9767494201660156,1.1037042140960693,0.105149045586586,14.8026762008667,0.7983040884125664,0.28166691065052923,1.536631250738601,0.0186142102068661
task08-init23,arm_actuator_gain_0p5,8,23,pre,37,47,0.9428342580795288,1.2539572715759277,0.10661470890045166,16.787242889404297,0.6025925049287861,0.27535222307698753,1.3615270626732723,0.7183284670184631
task08-init23,arm_actuator_gain_0p5,8,23,pre,38,48,1.017505168914795,1.5322692394256592,0.1089344471693039,19.023536682128906,1.0334901123905795,1.307112200796171,1.0843857286106033,1.506796125085295
task08-init23,arm_actuator_gain_0p5,8,23,pre,39,49,1.2440327405929565,1.7329686880111694,0.11203305423259735,21.70772933959961,2.340695121253947,2.051146531050497,0.7141921999751281,2.453183002033863
task08-init23,arm_actuator_gain_0p5,8,23,pre,40,50,1.4574463367462158,2.1560702323913574,0.11480443179607391,25.478437423706055,3.5722243332804537,3.619671389594686,0.38309309045650647,3.7826511524179853
task08-init23,arm_actuator_gain_0p5,8,23,fault_influenced,41,51,1.45233154296875,2.209834575653076,0.11200181394815445,27.34749412536621,3.5427087913282107,3.8189869204156546,0.7179245064267894,4.4416391463687335
task08-init23,arm_actuator_gain_0p5,8,23,fault_influenced,42,52,1.2858436107635498,2.0042884349823,0.10362295061349869,27.90174674987793,2.581969852215116,3.0569849010369934,1.7189552665238024,4.637056345239421
task08-init23,arm_actuator_gain_0p5,8,23,fault_influenced,43,53,1.4979228973388672,1.8291677236557007,0.09361632168292999,27.429698944091797,3.8057992679177652,2.407776235622881,2.914456728272788,4.470622744638889
task08-init23,arm_actuator_gain_0p5,8,23,fault_influenced,44,54,1.330483078956604,1.9458640813827515,0.08344940096139908,27.21343421936035,2.839567353405224,2.8403937489070405,4.129108402519041,4.394372592898442
task08-init23,arm_actuator_gain_0p5,8,23,fault_influenced,45,55,1.3562848567962646,1.7296465635299683,0.07304779440164566,26.800518035888672,2.988459662538805,2.0388307290848586,5.371798216741654,4.248787492577993
task08-init23,arm_actuator_gain_0p5,8,23,fault_influenced,46,56,1.2641305923461914,1.4824823141098022,0.0612865649163723,26.240270614624023,2.456672228519935,1.122541780230102,6.776923473126121,4.051256661155201
task08-init23,arm_actuator_gain_0p5,8,23,fault_influenced,47,57,0.9743124842643738,1.1722772121429443,0.04959496855735779,25.21342658996582,0.7842414522693993,0.027452636346731504,8.17372959378504,3.6892142023529755
task08-init23,arm_actuator_gain_0p5,8,23,fault_influenced,48,58,0.8621127009391785,0.9036852717399597,0.03748447075486183,23.07901954650879,0.1367789042469531,1.02317846368651,9.620582267732347,2.936669555316449
task08-init23,arm_actuator_gain_0p5,8,23,fault_influenced,49,59,0.6401206254959106,0.5835325121879578,0.02526497282087803,20.154748916625977,1.1442534698593638,2.210050902605336,11.080457290907221,1.9056365029516438
task08-init23,arm_actuator_gain_0p5,8,23,fault_influenced,50,60,0.5752902626991272,0.4635528028011322,0.013945264741778374,16.908878326416016,1.5183649934437338,2.6548404789937403,12.43283356557801,0.7612144279197444
